image_id,group_id,index_in_group
a51ee6c01cc8f18d48a70116f0ffe700,0,0
b10aafff8d0a4c426090fc772b6075f0,0,1
03717c12ffe242a347cdfd9d13e6cd76,0,2
84c2a5a9252e223ab8e84010b685dc11,0,3
c321dc296ee2274e9db04e586c7aabf2,0,4
105cbd187035503e56605db53600b491,0,5
deee4629e174a4be2e42785df5bad4a7,0,6
004391d48d58b18156f811087cd38abf,0,7
369a3711e3d38086b74319999fcf77f5,0,8
75b17665772a71684a7b7855ea212a30,0,9
47043e84cc443828de9fbf077a936303,0,10
8addcf68a92fde8dba0b2a99caf9bff9,0,11
1ac4c0ef34eda596f51a074b5755da87,0,12
75d32a8387f978cdfdbc040b14265ce5,0,13
ccc36a9cc1e759ad828fafbb7694c4a6,0,14
2a8b2bd072020a502c3fbc8acb651172,0,15
00d8a8c04886379e266406fdeff81c45,0,16
66b715d5da126fcd163dd420ca983cf6,0,17
ac32ff7089312633858bcd96747b4046,0,18
830484a95f45f28e37b68bd440fd9357,0,19
3aab40b14fab46f52f53a5f85bf8ea34,0,20
e6b58038a9af511ec66e96002378f5fd,0,21
0b1c63971f6e7515273c95650a2e9063,0,22
47d449fb0df8f85e9c7b2b31fe07b485,0,23
9aea86aa9b34cebb8bbc0db42d6c7559,0,24
37b0ce91b7bdaf3100aae1748009424e,0,25
800ccbf1d68addead37496366d7ffd48,0,26
e05f477f1d1693f8b4a5e629bb0745b2,0,27
79c1bcc4eda4d24d26faa9154123774e,0,28
5e862859f60d643795701ab5a17c6348,0,29
4baed07e2381293cb782253baea6056b,0,30
5e95f26615d4021740de50892e57e565,0,31
f9548e3d01a0ef3cf2fdcbc240884c03,0,32
28e7aad04d25346b6e27220e15ffcc11,0,33
caf7a1ac5a42eb8b7b738a897628160c,0,34
3bbd7993ca87b79a7fee47b563e97710,0,35
ead9a151a1d35c75305d3dd321c6676e,0,36
d7a038e19036352879564963a63082f1,0,37
d13dd7a0555436d55b7b82a988b57f41,0,38
964eaa4f691fa26ef2b0f6ad487510d8,0,39
b9c3f5c0056eca98e23088ee0d8c526a,0,40
9c15a8e386889addca20f94d2c8f40dc,0,41
ce89deff2021f7b676fe203abb4c3235,0,42
9904b0e39429fe1c957c7c1ee53bb248,0,43
d82ed201dc437809e5fb20877310bedc,0,44
8d14e4160147a34111189383ecae42ec,0,45
1351e50aead63f689072a7d605c9e976,0,46
23dd7d82c52f1518ac5fe3324c5e8809,0,47
db6d351561cec54486ab371f4faf3b40,0,48
bd5aa0e284c6dc0b0b09513731f252a8,1,0
004dd32d9cd167d9cc31c13b704498af,1,1
9dea308c78fb0bfa6c7b7631f15c4f72,2,0
dbca8bffde4985ea10415730e96c086b,2,1
005e66f06bce9c2e49142536caf2f6ee,2,2
9362e969027cc9260ceabfcbe2a7ceda,2,3
b5d4713427dfe4ec5f0315f0724d69ea,2,4
45960112d5ceb77e4e61c68028bfb160,2,5
998668b127c12acc5450bd87b0f6af30,2,6
8a31a42bb904f022190f57733ccef19c,3,0
00928370e2dfeb8a507667ef1d4efcbb,3,1
771b4d1f002ddd740017d6e4371df8d0,4,0
00bbc1482301d16de3ff63238cfd0b34,4,1
8826e4b9c231e9b9a69a5f2e8efc815a,5,0
00c15b23b30a5ba061358d9641118904,5,1
7bb9269813e03e9e784a87f3a2486f04,6,0
00c46b336b5b06423fcdec1b4d5bee06,6,1
bd68158ecb3eec132592d14fecc35cc0,7,0
5338e73d016150c190a2c4671919b4ba,7,1
a579110fe1e670847d9d146404597750,7,2
99c6eb1d87928dfae4d098276b85b98c,7,3
56cbb29cfb7448a5250255d7c729102b,7,4
5d28dc81420bc0e2ee5d3ac90d5153ef,7,5
b7932b71e15722e1908ad98af13d50fb,7,6
00c52cb4db1c7a5811a8f070a910c038,7,7
f28915d34c10051b4a91d30d2cbca62c,7,8
637e9203f2969b9fd192ce0b1d93167a,7,9
5a4d7035c9741c06a1c38b4c7dccdba0,7,10
d2eee81a3492a7577e45e6784e450de9,7,11
0475c8c61af050d4e83d9f8d2ca27a7c,7,12
5da72569e3908391620c3fc13b3fd821,7,13
bb492e6591b672120e827dfd3f6be873,7,14
f2d3ffcb3aa600272d70fe13b62a56e9,7,15
1b95a0c32503e4549326e820a57127fd,7,16
afaa3f61f49c3e47bbfa02f3d657994f,7,17
9dbc64b9e7a18cfdd825ea44219b8330,7,18
3ea2b7849d7ce4fccad168565e8e669e,7,19
e04ea71e821b0dffc431297b25b359de,7,20
836a1e6bea9fcd4f2c65d958fc2a7935,7,21
9df245b977114ae9df07bc5aadaaf841,7,22
05657a4cdbbe3bd466402d227bf0b2c7,7,23
48a55edac048e97e80e63a7c55bf2afa,7,24
67e80d7930675251b17a42baf5920293,7,25
3bab742acf3fdc581cbc57468eac9603,7,26
c4fd2900adfd82ce1a09f280fb00710e,7,27
a10ba9a0d61fd41d9ca9aae25788504c,7,28
b31d1678d2148a94702ffa5bd6ac3aba,7,29
3f156d535f158d7a4370cf836520b185,7,30
389758c9e3aad00e774d581150f372db,7,31
71229858f8c8f974e6307b1268e18e35,7,32
35b3399925cc2f2f00d65c842b6cf536,7,33
e13ad43ca93b81c3461ec29c1ca41106,7,34
1fa5537c8bba02102cbd68fe9b4abd27,7,35
bf63d7c0db0eb42782143eb768d81b91,7,36
a43ae1d4fbbb8606f3e38d2f21824b61,7,37
5ef00d3ae104d72001ef09e9f16deec0,7,38
8ca4eea53dab8fb41f2ba01deb4e84db,7,39
125ed8b10ae6c064811a76636e949515,7,40
291b2132e1fb9131478b8d691406874b,7,41
42c97dfa8a8d7ab5ee5ddcc6a5c968da,7,42
d4af3a08f3cae4cd616609c9b4b2e9f6,7,43
3f96a2dc128a82c1a8826385a23cd1cc,7,44
163fabe883fcd17de4f899ca8ede45a8,7,45
e84a9aadb35ccba696e45cc79779525e,7,46
f73951fddf77034c9fd44cb19f5fe6b5,7,47
30214f9a2c610f550a40501fd11d74b1,7,48
d19246d956e226f8a41ad8848482c5fe,7,49
f168fbab6acf64bca970a59aace54ba0,7,50
1a1229aa03a98248db658d6c2ae18478,7,51
5f8b30f872042fe9cc2b0b312094f156,7,52
de9c84e2aa6dbde04560906d37eab791,7,53
c5d6646dda31ee94cf4bbfef14e08e76,7,54
fcb2ed9c69ec97a285f6ed3a38ece987,8,0
af2abfe213d2236fbd6e51029a899eb0,8,1
fd545ee9fe42ed0eeb216fd4be3af3d2,8,2
00e6511435645e50673991768a713c66,8,3
00ee879798782aca1248baa9132d7307,8,4
ce9011a24ceb0542202468792438328a,8,5
de4dc93bcd5dd4eb08fdec474455de0c,8,6
9b1ffef735e7269deed27dd7e8db6b42,8,7
835c2db7726b399c38e5e53f1c326ab6,8,8
13813facc985c2ea007fdf764ef98a5a,9,0
b2b496615dbf9fb305bbc7ad5ac399c5,9,1
00f6ea010b008e7b3635910a13b165a5,9,2
0bc4086b7c5ed0463dde3926f10fc298,9,3
8aa35680beee94df712c211da5bda211,9,4
18eb49f9b5f5b45b3a93717ec10bfd7e,9,5
ee4492e15e54bfe1a23bc3af78158897,9,6
e9edef878710b13a32777376bdfc0f82,10,0
012f41e5276e881af134c1ae218455cf,10,1
fec79645cf3b92343f453b945916af29,11,0
0186f4811c9d089707d9dc7460160d88,11,1
01c669f3f6a18197285bdf357b45d477,12,0
c62d1ee20abb4c019758656681c0b4d9,12,1
86a2e973602ec382660c072fa42ca670,12,2
65ac6785f8184368e0a4a2e031b048d4,13,0
ebd3d4bfc5d1e9ce090e342869cbdefe,13,1
c6064ec61ea9949ec065ed31f2565978,13,2
725f6e74ba6aed08098c779047a19559,13,3
baa52ab819b61626c7ca027dfca5bf31,13,4
c62f9e66a9215d21cfbb9f5ec9f15daa,13,5
df4146c2cb4e97d9c227bdd90d4dc6f8,13,6
340236fc3587d38939e3dd669bbfe3e8,13,7
663be089197be4c5f7f4a6e1718f9c50,13,8
341c392a86a83c179d50ff99330f067c,13,9
1afb7eb814308f8491a88398a6068422,13,10
1aff7ddcd1864b0e2fa4fdf61e965a83,13,11
dfae643568b01d1f4ad5d86bac2f7994,13,12
eca065b700e4e44681c2b3d45235a6f9,13,13
0db426156d588a5bb0b6036ac0465be0,13,14
c6ac7271f3cf776fbd43808b320c40d5,13,15
5a46e8adec9c72070618f776583dd581,13,16
345f3e86a3dcc26dce73ceeacc5a4a0a,13,17
1b4e035a6233cc3d80ececed44532129,13,18
bb25d84b4c461fad076a63b4a048c811,13,19
282cb9398d53504c4fdae1e18d2dbfbf,13,20
af994df40907edf1c3aefb45df954add,13,21
418aa1d085fe63ffb9c5510a9075f8e5,13,22
67221cc31ec6ad9e106de548f7aa5823,13,23
bba3d3535ac1643bc9bb0bb1ca657b7d,13,24
01d20d68bce47bec01d816b893630f18,13,25
67560153b5cec1288c56658e789b31e9,13,26
b019b05800ed1a625e6bccb4a12dc6a6,13,27
35590689349e29d6540a7c14f8a3d42c,13,28
67e855cca15a9930d065bf9f14241b41,13,29
0f374b1b7edab897de6d3dcfecd1aac1,13,30
b06a67b1cfc4b815fbe169d323633c3e,13,31
d4557d562ab93564514e79c9dbbcc3cd,13,32
0280f8b612771801229e2dde52371141,13,33
8cd17fa38b5f8f3e658bfa55e45f509b,13,34
98eff279b10d8e5186e406ef91de2f3f,13,35
5bc396007c667e5fec6587d07a9af93e,13,36
e20c73041c5c5ac83c20a7c669f46e9a,13,37
8d2d81395c6a14a4683d92b7db8bf18b,13,38
03426e9293f207de46b5592c001eb45c,13,39
fa6a64b3a0c696072eb77fc03e2858df,13,40
365b34d59b0132366fd9feb0138ca7ff,13,41
5c7e3c7f2b7fbfaf98f2172e2eaa8f28,13,42
bd6a39de18227e44730c228369cea0f4,13,43
ef370f7b011f0c0303a7ae14fe0c0770,13,44
367f122e80bcd0bffc02f6a04c1d8234,13,45
8299e52f9a53b39407d0950456562add,13,46
8e03d0bfa55336cccbfa604e66a878fb,13,47
1e0379988bc494245913cc4bb10fb8c1,13,48
50dca6da456cc4a4970e94207fb9e8d4,13,49
1e1f00a9410f29e4d4c9920530d883c0,13,50
d6587192c22af1403afb3c5283819cae,13,51
1141ca7040f9f32bf84531cc1b1d9f51,13,52
be4ed7eb6be88b0c859a7dbdea0c90fc,13,53
be548af60fd350e776d30cbf208312bd,13,54
1e840659f5bfc1b50403eb1f2743c632,13,55
d6fbeba66fdfeaf442343cfd6f844a77,13,56
4529b55616610e6206384be8245d1238,13,57
bedeb6cf82f3257a34cfdad3dba80413,13,58
2baf0e44d4c112ec9d268029638ea7f8,13,59
83cc96d7745a5a6d2e27c4dcdc9431f8,13,60
52385ac03a42f5ba4629f4c486abe591,13,61
778bd33e4eb7fbc28402051743b78aa2,13,62
fcf954f576b072584d4271144e57f6d3,13,63
fd03054e356d9e95da6ebba5d9c7fb07,13,64
f13cd8ec6e6fde523a0a065b62086d3c,13,65
1329fffac9982cca468efe133cfacf50,13,66
bfcc9e5ac8e39cf903c5a70ca5f8e2e7,13,67
06bf945aaacb9a67d9f2439d9a7d73ea,13,68
2d04835e3b30fd9dcf1fe23dfc9812d9,13,69
60083d3faae39b546e94bd206cf4c9cd,13,70
e5c045c4083859b242af4d1b3bc1dc65,13,71
789a88aa6341166fa4e3e08647d3d0e8,13,72
2102cdaee1284c7da24effe67551ee87,13,73
853e2ccb308b7e1119a563ca6e12a7ef,13,74
3a2543c397bd17d87f9f73ac1a1a6646,13,75
a8e773eff750fc08a72de5075c79474f,13,76
e65d809914de1f87fd337a75ac08454f,13,77
c0dbbf2b29da2ef0cab6bc7032e7ac92,13,78
fe309f77902a9790166ad50bbeda0eb5,13,79
91ab816a1696123b34d31e6b8fc00315,13,80
b4e5cfe0f1616168c2a4524202c85327,13,81
c127660ea8547c6d1e13a2785791707c,13,82
91c2e90cf320a9e3cbaeee14fd3b44e3,13,83
21e2ecf1c1b82030c3096263fef8b927,13,84
d9c9948c3c66446410dfc95adcafd115,13,85
d9ccb1baa42354825862d4e4b3e48507,13,86
3acfefa2f174d9f3f555cae12f5394ee,13,87
c14efea7c94be982c8045ff9d3c16266,13,88
b5343f9567df8a68c3276f8d8cdcc6a5,13,89
9217d01f99e5ae534da606486464a812,13,90
9244b109ff28b15a04941fbc00a5caeb,13,91
2f06601cb2159b6b369e145d19e59081,13,92
867b4fa9b0b2cc3aa0bafe948d72804a,13,93
da610fb22e9ba742ebb7a9117b2f24cc,13,94
ff17b5e40b6243196d7c47b36efa4646,13,95
cdf40333dfe2afec1a4c54d9eeb1ec7a,13,96
620a6fbf50a7463ed0a8932782d7b969,13,97
f3efb47e8aa4c9c9f2a4cf9cae2431a5,13,98
2fd30e8bcadfd927b8280fb9d7fdb610,13,99
9effeea56c413b92340b89d1240769c1,13,100
62605db0277dd94dd1fab196966d8c18,13,101
c2e7580519b62b7183c1924211ee8603,13,102
ab3e9154e433b2ed1f7d75b12e5416fd,13,103
c306e9bf52ed33801003d17ae3f60d32,13,104
30703edaf3bf39b0d04685f0f0a1d43b,13,105
3d0fd9f2d0044ce12d01fd6eeeb32161,13,106
7b8d2f39e387bc0a54504377f8318247,13,107
63226114e772943ce7f8017d9f5d4b90,13,108
f539f2dcee1a03c730a2a5a9e2298fb7,13,109
cf82146a7d5cfc712501c6471ccb882e,13,110
a0150f4d6d9f6f3b2b5a240b099df000,13,111
577a95c3a3a0fb362b7282fdf9311015,13,112
e9c5d5ae46eb2a57b0c577a156cda8b7,13,113
63ec04bc1c32dd36fc1bfa2846a0c98f,13,114
7c9f666901629ca31c8dad289aa18211,13,115
7011aee2bad0c61f658a9e50aa0469e3,13,116
2558bc957c387115a0bceee1f18f0bd9,13,117
3eadfdb7feb929568275aab75c0c0710,13,118
644009d197e73a26659353807e116e84,13,119
7d0ddf6bf84b1b3d6c8dafe1ab13c4ec,13,120
d0cb73c9ad19c13c6fe93cc2c61cc073,13,121
89b546943efa4c35011b93b560303933,13,122
64c46cb52749df98dafa527d439fa606,13,123
de06480e9ad90fd6fbb3b2496eb6d35b,13,124
89d67babd435cc76b1366455fd89044f,13,125
7e059274c3afb96b3a33191c804d5a0f,13,126
d1870bceedacbf78037200cae693a8ad,13,127
f73a4bb68c9e268f95ca9d8ce340cce9,13,128
b9f7b1047221dedd4fec6977eca016ec,13,129
c5cd08b16fd00a4d27e66bc0b133c5fb,13,130
aba52f1d32ab593c075801a10a98938b,14,0
134b29504e8774c3d38102d6ee81cdb9,14,1
01e5bb47fb34f075f87cbfbc8d630124,14,2
8a4acae5d50cd14899eafd08c2dfa8fc,15,0
7ea5dd01892d17a7c49acba9f627b271,15,1
7223b93b01ae684e7f0ee028c8a6ceac,15,2
724b9b63d3a951e612d08a288fc89da7,15,3
f7d4742181dbabcd86644ec7781c14b4,15,4
409e74b9a87ea9dda44a304a89eb4ef9,15,5
d24132a1799988d8e8580e46d2123897,15,6
4d929aa6fe44ea0737891aff4f927818,15,7
8ae069858aecbad846f4d69d405f9bd6,15,8
340a470bf7a9667523386de85bafa32f,15,9
4dee4ae085e3e0d17e61e97bfd182fdf,15,10
a2cf43624325e34ef78bde7b66a36db0,15,11
bb3a7b890dcf2383df0b8c6636100512,15,12
f8cf5c37b0ff4f0077ac57241fd2509d,15,13
9825a1b0d9fd541a2849af0880927c88,15,14
28ca3539cc4b25b0a3d571c1fe108aba,15,15
73e92e6b0a791d808d9767aa3d0750f2,15,16
8bfc4eb8d494eacb561c26623b3581ac,15,17
0214df71ae527e2144021178c453d204,15,18
80922d8d5c237f957f5ac4411943758e,15,19
b09983414eb11c9fb676f29db50f32e2,15,20
294ec32adf84bc61c69974ae54cf7e83,15,21
1d3dbba03eea11b79283c459629a8be5,15,22
bd1a900e27cf317aa19176446e05df47,15,23
a4effa6d0c2e32e36e45f32f9e7e4977,15,24
faa8152ba98c87d018ea66bb75d381b3,15,25
d59f5e96dec59861dcd635d4e0febca8,15,26
367107929408ad6c749310a0f665bdac,15,27
36909d9bacf3828022000e94bc4d02c5,15,28
1da207ca934ce44dc9b3dd8809d0b834,15,29
1dc674257107ac67c2368ed033a9f804,15,30
75a60b119d3a12f697976603962372e3,15,31
108f2256764d82324ed9b2416b958291,15,32
439d66d2d3cb43a3208fd15917941334,15,33
36a9f01565753462e06fa127f7e0d8a0,15,34
c91a4333041f727dbf2ad1da6f6edc5b,15,35
75e041fb7c1d1188888c2010c856095b,15,36
a5dbc558ca9c9612b608645238c15129,15,37
047dfcfa9deb50e3ca572a902707442f,15,38
e3431a477f2320c8f49cce14add89e41,15,39
d69b8fd852515da7355d327ebad76a77,15,40
9aee8da9114ad6691c94054ca683777c,15,41
6a6fd85a99a3e047f479e3b82379a23a,15,42
5e117814dbbf7ffc4b9eea0ca1f52f5f,15,43
517b74706538c339b98d3d94e15b6499,15,44
519da2cbc9327761dfc95ecdc9af3bfd,15,45
fc12d2a7d97431711f9e80af51c1760f,15,46
8ef59d7cb53bf92b5c589f7377edb0d7,15,47
2b744f7f47a4fbd91e26eba3f37df819,15,48
1f060ebd06b1a771a40c42acf064f694,15,49
12093daa08f6c758c689b8ba4dec2a93,15,50
cad5e47cef74fcaae1ccfcc8a268e4cb,15,51
fc860f59830b4295eaa563554b16458a,15,52
a74b7e612f31cff7ed905e3c92ae83d7,15,53
e49bc96b36f660bf3aa433ef119066eb,15,54
84219af34ad6929dc1a9d5b1d7ab2ac0,15,55
45e58b0ddd95fcf40dd592e293e301aa,15,56
12cef0383505d96338a2ccd5491f972f,15,57
5f87ade21db570b2dbdd0772edd54657,15,58
849ff9e1d95166edd8a36277c5487567,15,59
f1a65bcc3e01e8de90ea405984c61c4e,15,60
84c489d89dcbf2ceeba8a30147b9e79b,15,61
f1b81dbf9bf629ed8919916bc5287786,15,62
cc66d0b4ad6375c6bed929d10c98a716,15,63
e5c785ab6b40b1dd870851b35385676f,15,64
c05a2f5debd74c8db062d027567ed546,15,65
cc9bcb8d5cfb549f56cb21d55d0571f4,15,66
e5e531d9d3a95e505939d5601569c192,15,67
9134dd5f06ffc27faa20cff04ca04ce3,15,68
fda9a587d6bbfa5ceabe1840b2ae6337,15,69
b470c2276d978f63d5b1c8a5a9446212,15,70
6c99a5ca4d6c8a76c87d2fd4795cbf55,15,71
b49d54b4f7e73808440c36fa240614c0,15,72
78fa6eadfc403f3440ef91db24d387b6,15,73
147269cb7bcf195c64d110a4d2c8987f,15,74
85b8c93811739e3677accdbb8c12e8ba,15,75
4800ba489b63f1cf36762ddef7683867,15,76
8610bfa14edc267fd6c047665e785b6b,15,77
b52d812cfb6a377a5adf6c7ffbbf2e22,15,78
3b56a9aa8513f7510315549ac025c54c,15,79
08b1c6fbb511776ac028b0a5c9e42ad2,15,80
61ece421cba834e92bb6338e30c5f6e4,15,81
15b9c9c16952a563a85bc7a9c91e323f,15,82
4921f0fef4b8adf1396b6eaae5b93cdc,15,83
3c4ae78a64e6f263d159a9fac556ec7b,15,84
b669e716e27806335a1b9b2082f95bd6,15,85
55ef26c752d337b792969f498c5cb45f,15,86
2384f9b394b4aebf46feef7bda01efdb,15,87
ab2c9cfe67295b5df71b9d40d827ced5,15,88
ffe236a25d4cbed59438220799920749,15,89
49b5f3ca83f207b2848770101cacb82f,15,90
b6f1c3c748055235a8130ee71f4d3efa,15,91
93de4c63c4fc4f7af571407a4c8d7040,15,92
0a14e008bce3dbcce2470ca1123bd565,15,93
87c639ec5365c2d6d61581be6407c8b6,15,94
6f0935638b47295c4e35008366c8768b,15,95
7bb1820c1aa24e37399fdf647a1ed64a,15,96
4a70265e5acaf4da5a9806d0644fabe6,15,97
636a1fa2cd4d66297c4f63eda2ba16d1,15,98
4b20d5c324f3ab64ff73f6ceb9d7d191,15,99
0b353bfc9df3fc5534511a8295e40046,15,100
ac8233bf21aeeceab62509f436f8449a,15,101
6437c1f6a475089d659e71ddd7edb010,15,102
2577c90f6ee46adf9d3f7c16ba8db9c3,15,103
dd5c1496860cb32e24113cba850fe172,15,104
585673c1e2a7911db8386224726284ed,15,105
f69847acf7a94039fa4d1fd3bd32ebac,15,106
95d063f94f4fcad63503a33aef7d88aa,15,107
d0d12e2cd5f7f1e626ada65eb1e418f1,15,108
95eeb46ecc4a9693119627fedb8df55c,15,109
f6ba42262cffbab640e3da1e6c36a0e0,15,110
89a8c3dacb902dfad95f51a5832d238d,15,111
7120c2334b94794a94cf54a4ef1a2303,15,112
b987a21400fdf7668214076d0ba9b34c,15,113
89ed4340802efa3106d6aba76341c180,15,114
0c563af5c4dbd5855a884441d57c8656,15,115
651871fee7a4c9e53028c99294709f41,15,116
a19e008bb1811dbb0095b4cd4c3bc8c5,15,117
a1ab959d088e199003230644b58cd22d,15,118
ba0476c61b241addd5a5b83fc6dd0aa4,15,119
71f11949b427eac5591d44419969e616,15,120
d1a9750fbe2b10c8d52dfddf4cb1bde3,15,121
337917b03be19ec176ed5b3e77f6e55b,15,122
a77f9ba2563a4aa23d748053de86e0e3,16,0
45f89ece67e208657282b2dd46190aa1,16,1
b9d20ddf4a37b9853aa63f0208a7d1e2,16,2
b2443b53c6ecff257bce39ea43e355b5,16,3
0e1bc26d651085dca788335c9f3b8dfc,16,4
f8904c574ab1559e37f7399803b09dfd,16,5
9698217c3f36f906a5b44eff5ff971bc,16,6
0227774a4bea07846d24ddb033767d1a,16,7
3fe714b813af46964b35be3b5dd066af,16,8
d84d260546dfd285df712402731d0cbe,16,9
bf38ba6532875b782935899cfcce6861,16,10
b993648443f3e9ff352b64202528592b,16,11
4e1247214b51cb4a801fa001251195f4,17,0
02577ddcd838f2559936453b6071dc17,17,1
1665277114b8f7349da97f801a0e8061,18,0
0277b937ddc8679ae69b3c54bfd714f1,18,1
19f3f3265bd80f1ee68cff968541639a,19,0
02a3870e56dbcb6afd73546af54a8457,19,1
02d302a8d723fa00331f373091b29135,20,0
6f75edad6dfc45ab8a79af4e5168a439,20,1
02e57c6acba29013ec3f1732ec373afe,21,0
64da3d4f81810f32e01269233955515e,21,1
6ce32756e33b10bd4569aa15b5db3355,22,0
02e5b03f8ea7ea2787101b758291d162,22,1
33828bf89098a295d028099fa2d3560e,23,0
1a66b4d3dbb1089891835d2698c6deec,23,1
ebd6034772ec8ea179c5a1802c6b886e,23,2
0cee71ab57422e04f76e09ef2186fcd5,23,3
aebc87eb11cb791694a9dedb44eda10b,23,4
7f15c706a91ae8c7ccbfaae1897aa024,23,5
72aa3eb389001c2e3ceeb58e7b48dfe9,23,6
f800a3979b283e4b697fa2aade0c1947,23,7
40be6eabc1be4bd88eabd38aa07ac9ca,23,8
342b38a965d96d8e8b606ade1094e96e,23,9
a2dc114f81b3e3357364a679f764f1a9,23,10
c6d87f56f56c456d38f3b6967eb21eab,23,11
1bd161a24fc63eed0e1bc3742e0dc7fd,23,12
bbde3819952e358ed7c67acd1cd4516e,23,13
988c9deb4dc9996464fbccb6976dad1c,23,14
1c96795fe1c10e5bdd3911731edfc623,23,15
d451ec7b30cdbf594212c1bf7549a212,23,16
bc8042b8de3ce084219ac65217fc9e0a,23,17
02f35b793b4fe3032ad6d91f181e391c,23,18
42f5948e3b2a487ace2c9bf3ca7a5ff4,23,19
68d28aa1831633cd996a227062f03bee,23,20
d5110b3363bff16460ad266f1ce4ea06,23,21
b0db6c7062db390ce41581728f2ef122,23,22
43111f9c3a9aca9f3b1daf09f392f3c8,23,23
8d46a2e2abae5735ae3334c0b0fe8c34,23,24
753743ff6e00c61a67516723909f71d7,23,25
819d52e0a7764b66c39bc55875e71ba8,23,26
0373ed8a095e0a283da690de360ccc21,23,27
a54c950714ffed6411b859ac44766467,23,28
e261d02e8951aa3d7f0c32c6f0d5eaf8,23,29
8245e742febd6314e31245fb410ac00c,23,30
696e3791b5590f7fe3c22fbe1ee369b4,23,31
a59374f392ff144bfbe15d5b03c23588,23,32
8dc0d30245d16902077f9d5da16f1475,23,33
36b7bc1afe9dab20f17f4853e362bc68,23,34
8dd1d17e02123008c58b1ab3652a613f,23,35
a5b9c716881eaccb44574cbcef8f048b,23,36
ef7e5ebd23757e3446d0bc4c47dc8e96,23,37
a5e35549c722d53da64190d30859d7f3,23,38
c979acbb9e62ffc47c44cd16adc3bfd2,23,39
043489a629f6bdec1d08515a6daabb78,23,40
111b574b0f3bed1be6764860d7ea7adf,23,41
c9c295e486e0f7f7dfb4f0fde6ff8240,23,42
115bd4dfe4bfd01f17f11c13eb61a77c,23,43
f00ec753b5618cfb30519db0947fe724,23,44
51614a1f724e95ac43d0fcb6e990c759,23,45
44f1555353574ac79ce07ae55f40a932,23,46
04f28a8f394396872b7a9ede5041a80c,23,47
838e413e9561b104afa20bdd1d02f8ae,23,48
6ad47e443a0aa5454dd965a108d38c32,23,49
bedb1f9a2d4d520cda873892fab58ad8,23,50
5eeb5f06877a051a7a7f99ff151919c3,23,51
1fc49bfab631583981f96f285ec0c94d,23,52
7788ddca67e3faf4da246eacc60675a3,23,53
061054331a952dd1c9df45c283d756b0,23,54
908f1b399873681da17cd24b94c85714,23,55
780229c1e7700155517861f277640f97,23,56
f18cbfc916ac8e35595c53c801784470,23,57
13e54c704fc23b77d23ea515c16bc955,23,58
53b8f259c520cdd1d4b795642340055e,23,59
2146b81f11fac3a65d644c9ca3c23ebc,23,60
78e15fff6ef70715b6f5b44caf905f97,23,61
b4cf33ec7b1e290ddd47e83a454ada12,23,62
e692db297233f27312315e8a5c75c32a,23,63
545d14287912a7a53a64fe279a92097e,23,64
3ae9efed0835dad28f0c0763533290f1,23,65
08347bf830e78903e36a81168c4342f9,23,66
612aa3391b33578ba22ef3d3f3ef9d90,23,67
c176b834c3a5045ac074fb70637cfa8d,23,68
224103c42d4b1a3ae6407993940b1e52,23,69
3b58fcd7537d02088146c3b4d1ba1e38,23,70
f3273751f723042683d45d00d3880c8c,23,71
6192cb59689c4dfe0800df8b4a86412f,23,72
867b35251feb629d68d6801ca1af88b3,23,73
3b82f3a80bd8bef6a0353a4443185c4e,23,74
3babb9b35e40e2bea17239a5a3ffeaec,23,75
e7db63dae4f1dbcfe945651219d34674,23,76
3c027405c5707d7ba2b67e75a652ba62,23,77
9e9c36a50726e766d79a3871e0fead40,23,78
2fb49b4bb80d5c1f3b5b2fc44fa8a763,23,79
ffc0cbbe28a6345a179d6210ef5c579f,23,80
872d17b9bec7643af6c4e4685e05f407,23,81
c2b0f5adcd95f930b892f269a7656f1c,23,82
b677231c72557e88e600d142bd41649a,23,83
8751f19f273f69ba8ea5c49dc9dd4654,23,84
87667e72b7fa0491a09fc9555894bfbe,23,85
49a0c86e2a3844bf8173990d5a5ad279,23,86
49b4a94bd361663636f85ad747ad0da3,23,87
564252dc7eb1c27099ab70a95e189748,23,88
e8c4df5d82b20ace2d04f178e70b6dae,23,89
b6dbb1d1ef20d9d91326e8d9c9493c31,23,90
db8ff1904b4dbb6dced48061856d9849,23,91
cf2d2942b89d99574da83a3dea91d8fe,23,92
ab9b00885d5960b51efd3aa59cb95269,23,93
b74de57b5c614e1a1bbd5475c5fdff3a,23,94
f4fcb9c0c46099e045a0fecf20a7843c,23,95
7baf8e46e8720b8b2d379d2ed3b776b2,23,96
e948b70d1e102a039a6b93a4be16b323,23,97
17b83466a22a8a96ccf3a7cccd83068f,23,98
63a41234a703cd382686631e0dde6986,23,99
b82ed1b48b3493902aa7f60e8fd6e795,23,100
7c846f20f6dadd1b95311d19e120f438,23,101
954e9c58e7e2007d308584e35368996d,23,102
f613220060db299095fda77dbc2c3d06,23,103
7cda8336608881de4ecf64d5319721ec,23,104
ea2f3faabd452477e8f792ca02925cd0,23,105
a099b54eb2b17f63033f310eba0a61fc,23,106
706a5789a3517393a583829512a1fb8d,23,107
18ab344517b07a6fa78f38b9839fed98,23,108
70a840557099db07a37542bdf701df90,23,109
58accdf477bd85e51be2e67c291b0896,23,110
b97714e3e07e57a9bfc005fc830a1723,23,111
eaec64217afad712384c73f33591e422,23,112
96aac9c3672cadf72e9e60d634bb145a,23,113
e7ae2d3b70141b5cd11808dcd1f84148,24,0
0325d6b779870b7bd216f3a81f6ab3d7,24,1
248849ede6c19a5b38182908836cb666,25,0
035a5208729ef164213954598b8df75d,25,1
03849b0243900d79446bb27849dc0bb2,26,0
30ec590d9ad752737dae45f47f2b37cb,26,1
24303cf860c2a29fdc618efef5da00ba,27,0
03a05c8a657934ae2d21d93aab9181f9,27,1
695603da155d297ae307ae2d52abfba4,27,2
436fff2e0e75ea2ef844b57d88d3c212,27,3
8dbc8704ec25e7058252d987bb67b288,27,4
439faf5e0a62463b01271742a9fb78b5,27,5
f1fe16e06f2ba5e1a9662cb471fe73c1,27,6
664a26f04c363ae643886559d5910e16,27,7
c3d455bdad379c5c262e16b750789baf,27,8
df78c5d9e63770b1895ff6bb2ad8167e,27,9
d93b3bc2dd02c94fec754e34a0501284,27,10
34238501396310a6512eccb0120bd85b,27,11
e65b5c109b3568689538a5dad4054c08,27,12
3dde322f1be699760d69795509fc8ea0,27,13
0ad2995378cdc31f88da16d158c77d6e,27,14
dc6d94bacf5a0dd5e886d2c2444a742b,27,15
af5341277e4627293fb84ff9777ce792,27,16
9d8e32fdf40bf2b027f3847e67a3ae13,27,17
514bd15da8c32fabbd07c8b00a147173,27,18
a04d7b32a88c1d2f397b67ff083f5313,27,19
c1816758539877326f9021819c223f72,27,20
fc3d822559662122337f17910e8ed922,27,21
bbe3ebb10d3477aa01bb01a6c91a8622,27,22
8fb9c792bb2152a5f3e2c60728be9af3,27,23
8ca6ea383b58c9ed7f3b7bdc35b29761,27,24
42da4d27484cbb016c77518091277d7e,27,25
03b7d118c5f1988fe73e568f23269c47,28,0
1f43e244b01c44b24a7086ed2dee7bff,28,1
ab0c6950b69d38008bea90173b44aefa,28,2
a295321349862720b6541d443b46ee33,28,3
361e1ffe1964442b325efbfb9f682a26,29,0
040847f885854a69d231c46196288d46,29,1
d7e2b72270a8d5d8a5f06ec87cff735b,29,2
865f64d013137396b5cfc7bb3888a56e,29,3
04201ee15d33abe4b032317792cf1040,30,0
9e72c86ff601172cb3900d6d57c0ad6c,30,1
f47ce13f49f1d36c3c2fe6be7d6fae4f,31,0
0452381085998676ae1e3c877df5bd4d,31,1
66ac9acd0174425c2ad47448fc55ca45,32,0
046bac77a58c1be84a6418904e755280,32,1
4e8d7f8d403847cc6c2f08d80f4ba223,32,2
29e2cfb8a5b8b437876e531f8c5f753c,33,0
782211a8e7b058a8b90697bbe9ef573a,33,1
435f5526bfee811bcd4bbf54ad40b600,33,2
7b77301b3eba03e9b47d927d212d64aa,33,3
e91823c58aa142ecda43d781dc322a9c,33,4
7b87b209b60e844a1b74a6e92edaa89b,33,5
13ce15fcef18b33d4fe66796504c2be8,33,6
1ab9af72a41c10ab6e385d4fa97b37b4,33,7
9fb37ce7f60b8395a47599f2b2def47e,33,8
c3967d215e9b501c70e72ae95e8dac51,33,9
5d17ccf4c67a1d2acf6841a892812f15,33,10
6ca88a3bb8a632f16616864d13fd4f92,33,11
3a450c205cf27f0348b46d8329c13fc6,33,12
0d88608b8268cef169385e0d7dd43903,33,13
c105c2ca793d49297acb88eb4eb49c76,33,14
11253234dfdb3f8252246a66f3440d6f,33,15
0af9dc7262948b51596d3305675e4a37,33,16
cfcd8b9846989be50730a0fcad497edd,33,17
ac4184c39f8c07a414170dddbd84bcf6,33,18
04952a4d6f0309a8a317a56ad88d9145,33,19
f5bcdc71b90c6fcf27f2334162a0b97f,33,20
7670f6b1a24f876a30afc5f33043ede7,33,21
61838ed2c863a4b4d7b851854f990941,33,22
2ba44e7f931c66cb48e41c58bdb25c89,33,23
9e47e424e9fa1a9ef32d9013522df425,33,24
c517993657aadfd868d6760a5136df94,33,25
1f8b5cd484f0cb5965d03ca696ad0171,33,26
15ee33d8a2845dd72a240f17db87000b,33,27
b376949adfafff2fd24c30c4cd27dd58,33,28
19cd8d1657528f7d4895398a6fd093ec,33,29
360b8957b3c406f10d61a23161609476,33,30
d50739fb64a3c3678a6788c43c0784a4,33,31
6e5820ec2c6f92c75e0ff86c68011042,33,32
f157ea3c41b34368266d9f802814292a,33,33
87510693f49f12240fcbd3441a911c53,33,34
9f183415180fe74f08ac54da7ffa8a4a,33,35
96c62d8799651597247be49bf790d585,33,36
04fb016f937abee73415638884ec0367,34,0
0beac47a5319a85fe10af9cc1c114f09,34,1
7e8745ed801d57aaf0febef1d2d9c3ac,35,0
1b176c9049260a8843b97349ccdd3eb7,35,1
ba688af0eaf8cb53ccca7ee628a4691a,35,2
91a40f207d9a99e49866c204e28ce521,35,3
b5a7d649e169bf6e9c7dbbcab7354c8a,35,4
d2293f17839b0cf5c7a187353826d640,35,5
dbe7f4456dfcc47d0f380de5b31c5e87,35,6
07f6b87e1e88e2370609c102502cd51a,35,7
f0197942d5cd986426ed3550e562d495,35,8
0501146a8a4c4f0f20309ff360059862,35,9
2c251997e95187c5f5471f125eda79a2,36,0
64c7193405afef922cfda4c959bfd28f,36,1
3381ea445ec8554a5cb3e7d3153fc0c1,36,2
aadf3a115d8d11e9dca722fbc2f8b783,36,3
aa47209a146185e3bea1fa18b904304a,36,4
94357950df8207565fbe7d59a3084a1c,36,5
3ae66332c2dd50c6ce458937d49f8232,36,6
1844a09c66e370d856cefb21f5e82be4,36,7
05042f83b5d00b7ca6e2b4f0a2b3add1,36,8
e2efdfdce6c126897cef60cde252def7,36,9
60a56a0ab535c04b4f4f39955fc9d268,37,0
eef8676c5d348ab7f406a81c74c988b5,37,1
28c5a726ef22dffa940c6a38f2612fc3,37,2
053be6185799c8688b4988b7085c7958,37,3
cb88fb1e0305ba94d8186a245ac2193b,37,4
644eac827fab366642feb02840fff74c,37,5
a6220c7ef591dd3f61c996877d0504d8,37,6
8b301972309a5509bbb5946b9f133e37,37,7
114e7c13474be685062ffdb3ac3f56c8,37,8
77c54076f96efce539cf3efc58d891ed,37,9
3484d8c6a8bfbbdd516bb1e57a338953,37,10
5ce3c1ea8008cd274f8a9e47537143ff,37,11
430b5a7cdb95a3cfc6ff30bfb4de1ac2,37,12
38837d7934505b74d0b4e1830a0c5511,37,13
9e5d11af345645e8379267b0d57a3b64,38,0
059cbf902c5e42972587c8d17d49efed,38,1
9f572190657b6219d9757d886e328690,39,0
05b09773ad1b34275f0b5adee3c650ab,39,1
c2edf539162ecaea59933196e84de2f5,40,0
05c4384280a459216bca38ea2a9230ec,40,1
06509deacf578c9d20cdb0c1d6f087cb,41,0
2ee04159001b56e9f28dfa9541e1b9fb,41,1
d0acc11d83aab44601a615247aaa1622,42,0
068067cb3873af5f4dcc3e5859b57991,42,1
ca4e7898a7144c51e9e111aa3b90265b,42,2
589fb4c43782864aa69fb1b7d08abe1c,43,0
06cab87cd7a132bd8eaa30aa1ea42434,43,1
06d4ebd3d0ee6d3514d07ccfba615def,44,0
7bed5662489bd913da7e9792f715c1ed,44,1
06eda4a6faca84e84a781fee2d5f47e1,45,0
da07bf2ac3a36b2ff58e35561f15613f,45,1
687caedb62d68fd4692af68d695efc1c,46,0
06ef49a7b77e883f089cfdd80642d6f0,46,1
06fe0864a99a2e0cd32cb141b7808912,47,0
1f8c98a43c6e755c2b3a785db72520e1,47,1
070f9f27db2db32b456cfc595f29c03a,48,0
8d90013d52788c1e2f5f47ad80e65d48,48,1
c8ea4dc8fe6c8348dcc4db4d01c0c84a,49,0
074d9f9ceede2e4fad8aec367a335a77,49,1
0b90de9a5e884982c165c6f2a46c5762,50,0
9c181659ec10a2d3c0d61ce45ef6d16b,50,1
75cf9bec1ba79a53d29d9d81762e1817,50,2
0794712a5fdd9d31bdb4ea7c4f175054,50,3
e7ec6453face5f38923755adeeda2677,50,4
07a9fa12ce780b43fb5dfd7d24b861c6,51,0
877b69359277cf787d93cd17f4d2775a,51,1
07aa24f15ce062d65979b6a8bc7eb3f0,52,0
c44346e3cf95312b241df6bb578ed119,52,1
fc2fd27c7f16ed0c6f522ef43f585727,52,2
2c688d7d92059ab3bac7c190dd6e31cd,53,0
07e16ae47a5154782affc9dc45b50297,53,1
8302a3549f2fd5a7bf56ee2b26706bc1,54,0
08134913a9aa1d541f719e9f356f9378,54,1
091b756470ae8748ad9384fb9eb73574,55,0
b63cd7e9557adcd7ad081fd8bd069539,55,1
9144106abaaa37336cad2f4ef72d3fdc,55,2
082fd0a9f827b00494feb039b53b5500,55,3
8d4d03f080d431387a79cfbca4065dbd,55,4
083ab9e2c95fb0ea2b999c592fb41653,56,0
946e85479cd3ac3e73f2698c9cf01806,56,1
e278dc57dacfed61fa504133fda2d8c1,57,0
08459aaedfda0679aab403ababbd6ece,57,1
bdeb7ab6c22749f3a39e5a88ee4a0fa4,58,0
085d3e58058fa98dcbbdf64dacfe51be,58,1
c4cba053efafeac85ec882e30ac6e498,58,2
2d476f44e80b5536c71dc3793b0a2bc9,58,3
60d32cd009e0175fe8607166861cd430,58,4
91e740d5dd2c702b30f0c6c4300512a4,58,5
774c9b631a29f191836b1078a6c3a67c,58,6
6210ddaf9f3e233411579da0ea9a0484,58,7
58d13c5b7c1d86814e7a9451fef0d9d5,59,0
0873fff5fceb087574469b8c9312eb3d,59,1
08abd36dda089b53088bb7bf7558336a,60,0
5842e1854d2e47373e8ede504d525071,60,1
08e90c44bcfe29aa64beff429f94e291,61,0
c704708bcb669c0198feba47bf9f2c81,61,1
08f055372c7b8a7e1df97c6586542ac8,62,0
f756a136d382cfc37704069809199f5d,62,1
8ddd6a0c4628dbfdcd6d3bcb0fa1ecbc,62,2
1e781756a0e97724ca9592a7a9d8623d,63,0
095d32f7716c9ff9892a7696d2325ea1,63,1
0981f547380ba7b05772f3e5685b1beb,64,0
8f264374ed3fa427615c1650218e7f21,64,1
1c0fbb1d600f761847294c4b8019edfe,65,0
099a334f7290f6821e9125c37428157a,65,1
09d4be69a2330cd49298bf30d29cc4e5,66,0
9ecba0a5f5caa828df43867455405dd7,66,1
2b1ea815af8da3697c64c682855f9b3b,66,2
1df857f30247a04b2a529e8addb5f3d1,67,0
0a5b11fe9c149f5e2e41a5d16dc5f314,67,1
6a92eb76ed79700e3718ac8754e341cd,68,0
971c7809d61b9389ac9359b72b95c1d6,68,1
f59aa908b06ae529d212effa3888e2ea,68,2
88865c437104f76ab06759737ced0cb9,68,3
0a6c5a120961974a7dae8cf11245ff73,68,4
276fe273713496862d1e614288e3f670,69,0
0a836ea85157d6e0b92371d8ae18a55c,69,1
aef75d4c390d838aabe56e2d601b6a13,70,0
0a97bd73cd153b33751d43821ff0a400,70,1
0aa6472328e4807ba54a807b8332da0f,71,0
8e25584bd03155d24a2adc00517a38e8,71,1
0ad4f3538ae67d99a7dbfcc01b2d2dd8,72,0
62a71ed08b3b22927770cebec65e380a,72,1
0b2cba7e97daa7f11ededc2ec7d67045,73,0
60e51083a75aa5283aadde7f110df48e,73,1
7e72dea4ae66b5bf583013ec985e5209,74,0
ca1670f5e9408c08518faae1061f4a97,74,1
aaaf612f7fec8578ed03e4075b429a21,74,2
0b4b960490879b7588a1d135fcf10fe7,74,3
0b4fba162fc179a4cf63cc986f72ac4c,75,0
f4ee61458d542b826014e72cb224a0b6,75,1
9793c3c2317f38143d21a5187bb35652,76,0
0b517956117177d8efec1a7efe60a985,76,1
5c083ab21fc57c0954468ab46aa7fb16,76,2
56a882d88e118dcb77a63bfdbdf0b716,77,0
d8530375294e4c94c9c2aa2c7f79c13c,77,1
0ba540dcef7c6a994c4e0634cbff4af2,77,2
bc8ca8636656c10658685c587f893dea,77,3
0bbbb6734f721f4df4d2ba60ade0ed15,78,0
d7132253107215db7e9bd88b6a864c14,78,1
a1eb67fb9f6f39764b1859e175f0995a,78,2
f2196dcfec3027846cdd304448f28fa5,78,3
d8aef66ed061a62078ef30ab96bebe01,79,0
6c20932e84b65fdc93dcfa63d9fdf1d5,79,1
39f36065811dabb953b5fa41f826f669,79,2
36b55596d75cb210bce9db1166353568,79,3
ef65ea2c6fcec3156ffb0034135f8d55,79,4
c6564f15d2fbe500571311dbdb16f78f,79,5
2ab52c52ba33baff64d3de0c8e10bf82,79,6
8b1590bb6429c7b3bbbcf0a420fff72d,79,7
f85334e801a490f557571e1ee2ec7a5a,79,8
57ac237fd7804341517927ced4353c71,79,9
6d3e53acd6d2fe9e1aa15cc7207b45d6,79,10
d08bd91bd82152478e446b6c0aca6d4a,79,11
677998d30fbf0b08e100dc31f2fcc0ee,79,12
0bc1fdd9a51cf38d3dffac3541189c02,79,13
3202735e79f54cef6981c1b481f18859,79,14
8f3594bd4bd9f8209fe59b965b431963,79,15
f964b9543ed1fcd3fcda049d744a50bd,79,16
45910500e405b732fd6c0d50c921e3f4,79,17
9b92d948f0a8ca765ef5ca7ae650273d,79,18
1c63335d177c12cab2b3baa2ccf4c328,79,19
3f1932eefb6de2c9b6666565a6b93765,79,20
d13eecf391803d164d6f0fd89f1871e8,79,21
2fd1c7dc4a0f3a546a59717d8e9d28c3,79,22
6875cac943f84443b8e7c2a44ee809f2,79,23
528423d80e99a91576623f1772942237,79,24
89fbdb6764c16e5901842b67da4b34c1,79,25
0bc3b1ea9b5e5af3355cfbd9eb7561a1,80,0
5203b6b2f6c3e46cdb2f09b9d99a5ecd,80,1
6f310463d3868e86be87adddeccdde19,81,0
0bd0dd2e0b715471eab534e1d815ebb2,81,1
0c16dad59425c963a1dba7a84638ece7,82,0
5af8bba8cb7a8edb4bf416d4dd4d5228,82,1
e43ae1ef2cda811070e2c0a6d6154150,82,2
0c4c5c0598098cb221d34dc154cca14f,83,0
621f180f39962cf8dc87f62cf681200b,83,1
90bded96836ea370356065826e6e5824,84,0
d74ad1248c21f6a8ab77a7462e1dec31,84,1
758abc79f666a398d3d3bde30eb9db2e,84,2
b440e34f6b1bc9abd0844a7ed19a6b45,84,3
0c5c2d16c0f2e399b7be641e7e7f66d9,84,4
0c7d6e0e07621b5582117e9977327b4c,85,0
1d3b91cb4283e31af1436b4f55396623,85,1
9b42c63d8a82e49ae1c724f5d58fe304,86,0
0cab431ccdc996b408623172f47fabfc,86,1
7a97453ba9d4e3722d28f11cda34e079,86,2
b168c7aff6ddf56a19625abf2803744c,87,0
0d1e1a99a3ba55fe2d5cf69ba87c9d97,87,1
0d495f9f23cac774653c41214c574425,88,0
66557aa92abab5f0eaa6a7c03d17bff1,88,1
9852092e24db80fb70f6fb0b4b8b9cbc,89,0
0d66a26a030e95c9de2173b476029b23,89,1
d069c3a1245936e89b9d7d8beff2f1d6,90,0
704a213fd13aa5e59c4fcf5c84723e57,90,1
5e61b98028b2e0014f5686a04c6cb48c,90,2
fd73fb132d70187e69bc0638323b0ef9,90,3
4201ba655b6456240e68e7122614e6a5,90,4
30353f220e31776ecc7610f803d9b6d4,90,5
164b35a1b6e77358640cd0d8554e396c,90,6
0e305c4d31f47db36c44a1d55d389193,90,7
df599862faf0cd78b880fa7f6644407e,90,8
9154ff6a2f46f6ff98c6b62f90b63081,90,9
a66b818d221a0cb079b4b8945a8bacb1,90,10
f9c0aa4cd5ad8ff43fcd67fd626964b0,90,11
0e347ad243e4019fad579d3282a730f9,91,0
20340e3ee5bd16fdb06dabb63079c835,91,1
0e46418f938971abebfda741d6840e9b,92,0
d5b50c1579d9f27e41d477ae6a03de27,92,1
e8b5dc4dc51b355c689b8bed7d8cc7c1,92,2
18157fa5a744739d34a3c498e4aa8dab,92,3
0e4e6e275dbdf6742d98d5f853b2eaf1,93,0
66cad79a848b2b9476a2517a80314327,93,1
0e8b496c4be0464a4808bbbe846334a9,94,0
6e4dcecad6279bd08a31ec5d920a4984,94,1
c47cd88262e0b75801a3aa1bc96aba0a,95,0
0ec5bf6cbb0a9195b4db46173203a848,95,1
b8c6eb182fab355d181d222b34ae9dc1,96,0
0ef695aff0f8378645f8de807856cc0c,96,1
0f38ed2800802b352271d4384e9e4654,97,0
304a3ffc48df61727191b465d69f9544,97,1
5581e01257c48c867a21484c2cc2106d,98,0
0f83710916fcc2edf1a7a9a103fd48ac,98,1
5467682efb785fda8ad40d44e33f1f87,98,2
aa8907057bf38a2c03b3e3a6cb72f9dd,98,3
45bc46a31180f65994e37850418e237b,98,4
0fb3565c36d9c379d64120b4367a83da,99,0
cb4dce32e66ce659b386933a77ff59b1,99,1
b5ad6c0446b987d1f33df121e2512331,99,2
10a8a9a745a971ab7ed129c6283a3f7d,100,0
964e3c2fc696bb6d6147b24dacabd54d,100,1
ad6e90147030566df6b1353432f41662,101,0
10c7898fb3c68c0e1b268ddb57590eb3,101,1
87a463cb0b4da2f78e25cd0986475367,102,0
ebd0b86bc3cf2b3fc044d8178f6541dc,102,1
b7131510648c471e74823eced92cf622,102,2
cf28cb8b44e9549b766ece06085f647f,102,3
f5096797acc9f645ea8674d77ca2418b,102,4
5d33e6224a522400d7a4bb76e47fcfbf,102,5
10dd67ea8e8fe3edbceeabfff19d1934,102,6
b2e452fe7fc20523a2a54b2d2db5c9ab,102,7
f373a5772e30bd514a81f02f04d4d973,102,8
dad141beb482724c9bd6f419da397465,102,9
4f7b524ea37437c9dc146096f3494928,102,10
65002e22794ec60c9b98df5a6a75b609,102,11
26aeae00f116e0b0154b8e9e7df44f28,102,12
131f9de0c2ab07b31a7fd18a7f068f9c,102,13
74d22c241baec436993abf1416138165,102,14
fa347f99ad391a7ce5800ac7d161080a,102,15
299cbccbc459c1c8c2685a92fb3c9182,102,16
db63c8584fb19a4425c8c80d86217af7,102,17
bff2576aa2577cf63a76c2917c3bc387,102,18
11987580ef3e38921af9931918c88a26,103,0
2230a7655194054d5b1d2b52998d1585,103,1
5764f6df31c3c05b73dfc0fe5c7bad04,104,0
11cd4062d15d22baae8edc898f374563,104,1
11d510d280156e0f3d3b14d22f6fd577,105,0
b133f9748d2e61bbd5bd7b55b60157fe,105,1
fcc021adb67098501a473a959211093c,106,0
11f9b8c48b800c4434f693f0e76bc3b4,106,1
1216c13ad2394eb1dc3206c8622418f8,107,0
65f6854bc7b6c9e360645a242afaff3d,107,1
ad0c63c4474947e4fe009453a3a6147d,108,0
c59fbad418d8ef56859463c22c4fae79,108,1
80983c7885cd02c9e9df539b58add687,108,2
4a40f41b4f18ff0dffee2fefbb19ed3f,108,3
126ab775290fbfe771a67c94c6d50799,108,4
702f699c767a9e084ebb17df8d90636b,109,0
12949eee9c2be841d54a2f25933396da,109,1
f05260d375197325c7cf1775306b9eb4,110,0
ac07fd6531d7536124ceab1990d5227d,110,1
c009af812719b5960f2e11eb295c7466,110,2
12cfad8e48fa7241aaeb2436a719daa7,110,3
1e4bf9d3f2d777304abbb673980d287f,110,4
7ee503e117d755f91a4a5f75f643cb23,110,5
298d780b37c48a65e22016e482978113,110,6
95687706ffc4a2750ca1709258cc88de,110,7
73c83151a4b6e0bbea3ce58f1f924308,110,8
1307e25950ec553c3d02121252e6a80f,111,0
dc5d3a5a2d4d114e5e4f3cd07fb55fc1,111,1
926b6d653f692d2221544f859d5418f7,112,0
1308c87f8993821604adb52903701e8b,112,1
81d80ab1d978f1669977d2185e798d56,113,0
3205cf61128c41e20cf2c12c3c89b2a5,113,1
13e0eb0bb20ae07ee32ce2d6a70ed9ff,113,2
bfc0f3be45e3eff66989c2553cf39436,113,3
fe8b4d94ce299ed485c900f05ae508d3,113,4
3353690a5d3c6a384c545ef8caf56f95,113,5
50c1a18ccd556a1cc34f3b21e34fe03d,113,6
93b69d2902a418c407b43b1da3248c8d,113,7
145c74333d681b537b51a1f2c553c24e,114,0
f31359d4b52d6111001bd6a27a216821,114,1
dfb94f6d16ff40e04681be2c2fde7fcd,115,0
149fd3c5d3ede543589633ea0e711c24,115,1
97110ca07f2d550b6c2c7578e30e0925,115,2
88591e92de81634c6b9870259b25d59c,116,0
6651573b179734d9205f592604191b67,116,1
14b6e5e738edba8fb2a18cb95dc9af6a,116,2
def79acd1fba29e18079fd3925b7ae92,116,3
15be10044a3e4b704d0822432416fde4,117,0
bfc5aa2abac6018b587819bf87cb1f9a,117,1
15bf6b34c8ce10b0eddf687e3a670e4d,118,0
288a512bf5affa970a81d9c553feef40,118,1
59a0932027596ac986f52a74d30217bd,118,2
5d656ef89286db380f879cb6bfadd731,118,3
8868c102b37174b65ecc8fb7148a81f9,118,4
c9da6e79a6474de5625e41c71660daf9,118,5
378ab29576ec2f87d61b00aeec5e843a,118,6
1932b8075d97a1cb1d45fee931bc99f8,118,7
3fc7575b9b8a667c684a278415868b4a,118,8
b96a2397a49757f8ceed6c6ec42a2328,118,9
afa5ed8df00c981e8e4db6ba7799472c,118,10
9d0bc55b262f263dde42556320e261cf,118,11
98ba51c7a4ca7316ff1bc776365ca14d,118,12
418e6b6e39af708710e1e497ca629ee8,118,13
6b1b56ad6d3f3c7d46a82dbe738cec83,118,14
7a42019fe50ed38d182095e380b9e038,118,15
5560bd3b03194cf9cdb514f7254b17b5,118,16
516f93fd6b07daa49fb374122d2664c3,118,17
e956c0c77d87f17644ec64ccd2abd66a,119,0
16272df65f00bdc126b5ca32de2b3a6b,119,1
a295b26b9db32ad2795fcdeef1d853db,120,0
16a9e8227156e2d8598cd22e633610be,120,1
5c975e69eee9359ebe8da3f2a376fefb,121,0
16d80dbe6d4b3bf22ecf54833b17f3ec,121,1
9e3843c81ae2badfb22d9a46813d4470,122,0
17364682bc0141eab397828f49642a60,122,1
c794f26c98b4d7c37133809c2d3f8aa1,123,0
17a486c9252622e27c2714de7e7695b7,123,1
ff3667b139539475d4de2aa1b2325c82,124,0
17ce197283f339f4ab406de74d03f6b2,124,1
8e7fc648a8693bc9ff0f8679220196f5,125,0
17e2a87ca593cc8ace8ac21fbdfc6b33,125,1
17e370eedaa11c265e5cabb3601a2fd2,126,0
eaa98a57d64de34ccb77c1af98e1d39a,126,1
4cfec0aee02aff3e05698f00c1c129f8,127,0
3e82e6ca41e6bb8dc98c7006d5ccdba4,127,1
c2650854e969798923377550ed076d6c,127,2
addfcd0294884a0539e9e6a39d07c7bc,127,3
e4e5fcff14e99aa91c9e3c6a0e2395cc,127,4
17f48bf0c5eb7b43d1647622faf72504,127,5
79690b9bb5b5c21b9884b3264bcd6ce8,127,6
184a184ac82d72d499f99b67d6a1c631,128,0
a7baba733c9e351d8938a493e9e96480,128,1
18533bc08197fa92ff063ad89ceddc89,129,0
2592cfd1d3e053e519598bab9423d279,129,1
8e8067699657d35ca314a76b3892307b,130,0
189088d279c4cc2ab0239a9801867290,130,1
18a3bb8a5a0e5449d25195eb10804e39,131,0
798b6d2cc34c30279d4155deebf16647,131,1
e42266419ea81e25ffbea2954c817ad5,132,0
192ef6b5c13cb775f8a1d3047c627d99,132,1
1eee3477eafb3accebe157a47112e8f1,133,0
194bdb6540c1d8b3e65bbc1f7cb506ca,133,1
19638106770d8d0494e4d1ccf64e1662,134,0
5b4d05a2a6b70bbb2ee716979a7fb120,134,1
50203fbd5de280144cbb16749814a3fe,135,0
d4a0456a1c023a8d75170ce98199ac0f,135,1
2f0131a5e37bdf341c47dfc724eb0eb2,135,2
c22d0887c52a5d96461dacca3e869683,135,3
cd0ea1fcb034376845c7af09d2154603,135,4
6d174dadcbe33bd57700d2bdbac60f8f,135,5
eb88d9362516b7ff394e7c3b41d2931d,135,6
1a2aac625091eebb572f8b74bb8d1ce2,135,7
1a4aaf5d3dbf7898979d11578955e780,136,0
ee2e1b4ce5e5290833a9a98da2d72c0f,136,1
b8bdeed151cda321157d4925e7acb586,137,0
1a4cd10d5927f583f1a6c78dbc5a4765,137,1
1a9dc3df5b76c7c4968530cdc05df1ec,138,0
ef49ceba7efcbd20b8cc1eda40b256fa,138,1
1b02a0433382c74a83904b008dab6a92,139,0
1d7d62aa2c349f831a43aa023412bd1c,139,1
de6b31466c0af9a7024de03a5540f1f7,140,0
1b395ce8fd3eee21b0feb260e477a197,140,1
c0a0956a39319920d02c5c4eb30c5e10,141,0
1b86a85640e5832e6b27d89c8f99adf9,141,1
847c0798ac88eb76035bab0da44cb71c,142,0
1bf0cb1e3f0b2ce35b9b0a406cd225c5,142,1
35b5971800492e04d2ecd6b3439b0017,143,0
1c6e04c29601f73eed22bd7b6381b8e1,143,1
20f97907e71dbc8c945a87ecbe31a781,144,0
1c8a65cafba1a82092bf5ff231205f71,144,1
1cb4a7d3594586b84849e63b828de968,145,0
ea257fa5a05b773eb44f42d2804578c3,145,1
1cdd6def1e3099a9763938457cf0b4be,146,0
f480b897adfe65f572f79d9f8d45ac9e,146,1
4ba2c9a9103bbbaa575dfb3b888dc195,147,0
1d1163f720942d79ca68721d8f634914,147,1
44a0e59d540e47bd78f739e49f4b0680,148,0
1d2e39029f1d50a22bd157b3fc4f6b16,148,1
be2b21968d5ad6861b24d7ca54d44ad5,149,0
3b5b3a2cc026cf58cc19bfa66b4873e3,149,1
1d311ab3363fde90bede7d9f3919f5d8,149,2
21c38be50507087a0aa63fb270d221d5,150,0
9c37ba42f856303b343aa8b26989cdcb,150,1
1d423b8701a1b47e4076ed303562ac9b,150,2
1dd805b0572515c3eac56564cddf181c,151,0
490417dca347af4b988ecbe11c54db52,151,1
1de9133f550d23418c7f1c58d75280c7,152,0
594e8397dee44b86e26ba2afc5aa6cb1,152,1
dae6944419535df993a53a9c3b0f8245,153,0
1e73a4d3e89de944a6c309defde99839,153,1
f051273bd75ea902b5a163fa772decac,154,0
1e80a4ca18e6c2d29e453893266da535,154,1
1ec31c0ef1a94feed5942cfb9643f077,155,0
748ddaf8e51c84b260335520e97a8cd7,155,1
c18eeeb86a7027e6d3c7ca400d75c8e8,156,0
1eff40a181bdf4e036ebf8fecebe8b20,156,1
cf7f123c8b625d018cd97190a3fb3d51,157,0
1f1440204eba45ff4f999795c7d52040,157,1
1f80aa9a268b5ba64292bd4f7d88fe33,158,0
7c79546e808a9c6ae95c15bfe3b4b590,158,1
1f86b6a526481bc5d2ca18d94f94f062,159,0
6e4491b337dde383cdf2a75685dee968,159,1
875a9828eae84e015c5ed0e2fdd76b8e,160,0
1ff4d64bee09dc1b72b7a2adb9dd097a,160,1
205afeef1c18c6455b3a99703cdfb8df,161,0
5b63be15731e9414734353fa1b91adb4,161,1
c7579439b6073eed35a3df5a541b3949,162,0
20ec7cf1e184baab03dad85a1a601532,162,1
20fe45e5ea3022602775d0aa86e8ef94,163,0
470af261bcc43fceb068eb58692928d2,163,1
b70651a991d293e0fa741ebb1754e15e,164,0
21dcd35e0e0aaa2e5453c871874a8ae1,164,1
6166cc11159083920af9b3c14670f8b4,165,0
226301ee1193716a8079c58d8669b4f9,165,1
22aa8069a9ed5dd4884ae19dd73ad716,166,0
3af3acea1b27322f4739f69684830d32,166,1
f1f9aea9e0bb9845704f9871346811aa,167,0
22cb30954b18a319b87b51e7036deacb,167,1
b30b0cebda476de77bec3bff2374cf68,167,2
230276c9065df9cd12014e93151dd52c,168,0
6b356b6a114a7663f2dbe960f217601c,168,1
281fcc161aa1fe329f1ab8d9ae73636b,169,0
231c7be81560497b2015a0b9a9a04d32,169,1
2362d93816e6dff7db5f3de85b660777,170,0
896728c112dfe5f55662f5f17656e076,170,1
3c71188a45f5bd87ff4736de84cad35e,171,0
23a463a806c876003a02dda580ed37d5,171,1
23c7e23b418a44db2d86d9cde9b7ba3f,172,0
e2578d331ae6cb3bc649027498c8ff8d,172,1
24018895d65de3eab9c2f29b071bf2e8,173,0
6022674dabca016474586aa350e7a67e,173,1
74270feba7d6ce664d84065e27cfea6d,174,0
243d8c9814f5982607fd7297137bc801,174,1
501e4c383b777dd289d4e4f49a6bcf0a,174,2
2569e44ff22ee25e44ae31cafe6450ba,174,3
24e915870a8fcdc0277c197e2eb80934,175,0
e5e5afaa4adc21dd69b387dbcb91aa74,175,1
254fbd7f21925ba7732800213af7ed47,176,0
a82f9f71cde84001ecc92ccb09eccb5c,176,1
381ddd18fa17308212e26e03c2c54542,177,0
b90fb52788bc4fc6be21377c096008c3,177,1
25c2b08a48f106eab07ae2586a70a5fe,177,2
25c5c31bc182f9c26fb4c084e1fa2df4,178,0
f7b519160f85eb52ace93414ffce8982,178,1
26149968f810b690fca81375c1d74373,179,0
c445380a860360322df76605978e1618,179,1
858f5e5afdc19cfe16e0f8be97a28cd5,180,0
ee84768fd0b939e9fc7369652cba4a35,180,1
cacf5097de53eb9db8566f3f48522bda,180,2
896ffc56e018a333454c4889a28459a2,180,3
63e3797b14a1c9dbedcaa4c5be4b9924,180,4
2627c765b74591958e7ba12fd857f80e,180,5
264e5e8732450598190acec51da65cdc,181,0
bacad594d4d9ad882eda3a6738326d52,181,1
f73836ebcc90a2855d78158b746169db,182,0
2673584f9398ce0acb21a86a1a711088,182,1
6259bdf29094e9a832bb47b970ff8cce,183,0
26b5257856e96a2a3d3d3e681ae13aa1,183,1
26bc992079d504e172e50fb565915bf7,184,0
7cbeecc6a98ff2a1f4acd69161732d52,184,1
4aa3b5e41208988c1e018f2713b9e321,185,0
26ca4dbc8c6f341f304cd49e4fa0a215,185,1
ca66a5c35e8d7f0e026086d58922aca7,186,0
26db031a2a246f6525d08296fad489f6,186,1
275adc34d57f1e6ce223e7a462569fbe,187,0
738aeefd8bc05ac71e2ea552828e97da,187,1
435661930d09e42e5217033238c404c0,187,2
57fca8dcbc2f311382970f20842a923c,188,0
30aa7a12d6a142aa9fafbe37e08cb1a3,188,1
97f263002f98ab37ef16cf44d087596b,188,2
2761824bce549fdab3b032fb57e120a8,188,3
6742b677fba068f36457e397969997a6,189,0
b22a805186b5c95212db780854e5d2fe,189,1
bbcd685ce62f785a441a2c8246fa93a6,189,2
3ee16cef000a96c344248a90e5cfccd2,189,3
6468063d0445cf082716fa830a507de2,189,4
c137649e6a6e22b208cdf785a004603b,189,5
2794fc86e8d4ab7388b0d6b198559572,189,6
f50e9b75a0d7c2e4ee32bbfb10eb7164,189,7
2a560b45f1696770fecd76bb8ca75c59,189,8
c303cc999de4cd885cdc8450af892c6e,189,9
b8f511d4afc6bed859861487f76a14d0,190,0
27b29f95c9715edd273ed25920611a63,190,1
81adb00db7e7b3034900a1f95a4dc257,190,2
281b5e3e80477bed6206fad69a470756,191,0
7661a735826854e0f106a93768439452,191,1
dd4b7951eccf92f36cddfb02de6c2839,191,2
34c3b4aca1bfb10df42aff5eb5f87281,192,0
285186bdcabfd05a4d4fe4be52983a59,192,1
7c9d2571c6ced829b53f37465b030c5b,193,0
285e28ef159dc6a54e18cc1962136596,193,1
287288c13cab7312a9ced8268cad03ef,194,0
77a8d4500bd331027b965e1b1e581ab1,194,1
8a21fc0aed2fd06a8b3fe4824c53413e,195,0
287954ebec5531c31c41010a31ca23b8,195,1
28de07f534e1942fb63732ccd9e09338,196,0
cb3e71bd3331bf85370d0a3a3071f47c,196,1
28e51d6764c6d71b78406be1fb53b76b,197,0
cec3c34a4776cfc9e2b867b8c420fd53,197,1
598d897fefcc795632c3a0323dfcfe3d,197,2
f6c48b756b48f8b45aaec467ff3273d6,198,0
28f40860b7c8b473ddf40b81898f2339,198,1
28f4e2984fc653938374f54b1af98fa1,199,0
de4246495d322f1fba1889dd3783f0d5,199,1
2ad0f2857a4552a25127205fd04a5e9f,200,0
2929fb804a8ce7c6e2210e0e5710c243,200,1
29666407d53a57a9dfd417fb75040f8c,201,0
31e5c663f99421030b778af7f2dfe339,201,1
d9b76603ea5a351942248655981b90b0,202,0
299cda5b6769ede928f02624c46f1bf0,202,1
3ba05196d5b6bd5c9c9955864a0702d2,203,0
29bbcff6625bfabb9f01a0c3244980b3,203,1
3e16a4a0816d8380163af60dfc884195,204,0
29eed8a71c8bee8fc007b0fe4edcc712,204,1
373c3e3962c89a016c118cd3b4dac926,205,0
2a1618d215aa5f7b175930c94f46ac80,205,1
c797b20d6e8a04a4e33a55a8f980a9c7,205,2
34a7736e8074a6cef57277d7dfcaeeb7,205,3
3659fd7b7207e8a9c2595c04aef3587e,206,0
2a1a6a11e1eca0c26b102832b362a5f3,206,1
2ae687e6a07ac70f9391efc3c3a08746,207,0
2ebc99a3c4af2b3f021ab423c0ab1e8a,207,1
6610773ae6ab13f5fca25de96945cc4c,208,0
2b03baa16076f3848892001f9f5d392a,208,1
3444f3932c7c9d04bb8fcb095037ad06,209,0
2b12c146454d425994569aa61bceb435,209,1
a2c5c5ae99d08d1397b05dc19a5b6338,210,0
375b2c9501320b35ceb638a3274812aa,210,1
2b959b442154e1f4627cb95d04c31745,210,2
7cbab4cb4f2b654dab01864409304a36,210,3
2b2866cb48fb18fa8dadd200798c5feb,210,4
97659f526c8c25f29175c9c5d36d31e7,211,0
2b340c9844077ddcdf641adac5f116e3,211,1
817ffb24ed7fc638921a9ecc349981dc,212,0
2b4d629c0b0a02ddfb05cc41c0c8dc65,212,1
89a1979b3baf29215a093228f11372e4,213,0
2b730c057bde4c56e79f693e3d577138,213,1
2c6daebe0963942f9b960aa3814b0b75,214,0
44fe9866a8fbfc80642bd800e2e4954b,214,1
2caf855d25d357626f5ea914bdfe5774,215,0
84a64d55903e7dfbad5e59693be25669,215,1
5c707b3792821638b84b524ef9ad3d4e,216,0
2cf0ca3050e57483195091e21cfbbab6,216,1
58d439e1cf180a952bd059b6be710665,217,0
2d1b57132c3a9858f4d983a10e07e9a0,217,1
9d1bda4d28af5a9f5d1d96833cec1728,218,0
2de0597cbb7af462bfdb7b1c4f935248,218,1
e9d628364cf51891028163e0cfca628c,218,2
2e1107832601b1d8e00fef91a5a41f69,219,0
71a3a451b367b93c6128e26c1516379d,219,1
839955471941b6d2dffa2c4768fc3166,220,0
2e20fa4b5612ba96f79c29cbd9635dfc,220,1
2e2d3ed2069dd704dde97c3d6d194b94,221,0
2edf6cc7696c91d86eb86413fa9c82d7,221,1
c1b2ec5ced6e0232ca1cff1c559234f2,222,0
2e4281fa0f1f749d052579c9855476cf,222,1
2ee68cce1ed0a65cf352ed55488979a0,223,0
c4bcc0bc2da6444a5e4300f7bd2f577c,223,1
a184260ef13d42e03b958406346024e2,224,0
2f27c52c7d58fbe0818d6531d3707c78,224,1
71dbcf5569584dac2aae88cf712d22b1,225,0
2f305c85a7bb5ce4ea89ceee84f17f6b,225,1
2f36ff8187d5edeea79ad2e87763a89b,226,0
5f223137ea4f913a22c5a3074195d37c,226,1
8d0a5af2726888ec9012768280f0837c,227,0
2f66cb1103d6a05264fcc8e8841a6890,227,1
3155aef3abdeacd75a4758c212d93e42,228,0
3795ba90ba4303d37accaa4eaf82c747,228,1
2fb68d6713a52e322692dbc99ac82444,228,2
93757b4ce72684dad26c5e68b49829f7,229,0
2fb988029403766a9fe962f57cefe124,229,1
2fd7cbd01f3cecb64e915a0a62121cda,230,0
bd9022853225c1e8a46bc9eca27533f0,230,1
aa5f6291ddf9631c11f89925308051ed,231,0
301d13eb98beab38bf58e20fe04bc68e,231,1
d707d86264e14f3d3f5bac156693e8f9,232,0
8e393fd8642026c8c4b899d7ddeadcf4,232,1
5033ea72b9d1901a6450bb7d21a1b062,232,2
ae8e97b303db472c11259508d07274d4,232,3
64571abee09b1e42abf780bba6fdf5e6,232,4
bfa8190de9b3ad6628dbc20140a59e1b,232,5
952354b1360e43574f629bc9fd33279f,232,6
302fb7c22e2b2addcb939501b25882f9,232,7
e54cd5fbda18fa3c0bfb22a47ca2bb16,232,8
dc2ec851fcbf594f11b023387ac15003,233,0
303090fcc31ecc2584e6addeadfa1402,233,1
30524fa719ca467beaeed0879835ae7a,234,0
b06e7d1627d5ec60135b82b4c0663898,234,1
306c500894cef0f73406f227152ef357,235,0
e175edbb01ee93372ae54bdc1734bcf5,235,1
3094f0e7f338e708620942f9f939c7cf,236,0
76541217a60105571466b759358ab8df,236,1
c330ef6d8c6943ff7c41a493b215d04e,237,0
30a51ed1a47b8312c8607b32e37cce85,237,1
fb82c346939b35e28571281396eb209f,237,2
3e507aaa776e4fb7b43b007a45656067,237,3
a716d9d2767072033e5a3a7a23c42fb5,237,4
30a54c050c9eb531d2709b05ede484ce,238,0
a0a19caa7f2b6ff84b3e5cf0aa3fc68e,238,1
51b9b885a29947706f22bc545238cb84,239,0
30b055a2178ca6019b4d891dfe253e6f,239,1
e8544928657b8fbb4fa8d67682ae4ee7,240,0
30d1afcfeaf59da8e4f527df77e92aa9,240,1
30fe4507ced857a7c09246018e2c0c3e,241,0
dbfdda9b7152e19ea54e2868965fa675,241,1
867e8aabc9463fb736371750b3082132,242,0
310c156419ea422872c92052fddd902b,242,1
95f46368ce66a0f5d0fb0ce29d703451,243,0
feb75ec549a7feecd2829d066278d756,243,1
3118e3e9bd7f836ede5bc6e3cb0cfecd,243,2
5ebc2544193fed9aa6e846641a8d8f1e,244,0
316a926df7392be710915fdaaebbf18b,244,1
71680defe4772070e47b0b407ddccce7,245,0
a576f47b644facaa1aa60db9c41d9db1,245,1
3179817b3335bbbb5af4adafb46ed8dc,245,2
317dd757da6889845fe0d4dc109d0485,245,3
8e81ba898f016bb52c0cf59faa3af526,245,4
f5de7d8fbfe197b5aefb3f312397e7b5,245,5
318cb948ba8cb28995204b0a7ebba6d4,246,0
c5ebafd955baf6a9329a821547cad7c4,246,1
31cf52bcc7a77d04bb82932c235c796f,247,0
cd248eb09a3e4a1ce70b2745f45ce332,247,1
f1cc477da5b2b0a5718a30ec82e3a0d2,248,0
31e4a1bbfc15b961823e2abfe8a835e2,248,1
92ac748f5a590d8cb9862869c56ce0fc,249,0
320543392885dbaff272faaae7657749,249,1
f45cb8552a6229c0bb65ec74d70c0146,249,2
320a5a8ed48d1d03103a79659913c987,250,0
ad1592d1b4b1f734e59a92f5ebef305b,250,1
8bdc3910c484c12ed3b0752ab704d539,251,0
a9b52672e84888c7a26fc2694106f86f,251,1
ff97fa212a451432b685bdad1c3c89df,251,2
322b308222ea34f31e3c1191ecdc663b,251,3
8143e5473a650fd79750a6b4cf7c52e1,252,0
330823f8120df480aefdbf1d107747ba,252,1
33b1d7be5b5cc5230d25191ea8305d9a,253,0
5ea330d8b0924c0a4d0619ad49c6dd28,253,1
d5ac3e845ce7d8ae724837805912da91,254,0
342cf992c6259c1e9dd731d27a4573cc,254,1
393da55efee50c65017d1a7f66ee8c4c,255,0
3431b6b189e8547fb02ced891b4201b4,255,1
3498ec4b282659968e291e8840c943dc,256,0
9c03a2d8fbaca4009d887539b1bab17f,256,1
34b9896eebff5d0501dc23156b26f2b3,257,0
53c8c3db02019962528b008bd8594ef5,257,1
34bf9dcd2f03642e6d42163091900112,258,0
c815395bc70fe23c78b58cb3b6f2a19c,258,1
8dbedd97ed2b7b01525d6800d52ae073,259,0
35b2e442142f53c58e83e1a0f0636472,259,1
35d511cc9aa867856fadbe6ebf464d78,260,0
bb8c26c5d0ec96b601d3ac2bd4fb2283,260,1
d76c8504812e17930194614c25ba21fd,261,0
3625e6a2deae10c191a3fc3b6fde9fdf,261,1
3639415568d06af82c3cfcfeeae5d9b6,262,0
4db0a8e19ffe9e9358d2c64a760d44d1,262,1
eb15d508d434c2fede99f7227d03fb4d,263,0
365966c438c314e225b1c81cccacb187,263,1
374d5401159d9bf39ce20b395d82c0b4,264,0
86fad088e10612415bb805aa7d53e387,264,1
3752b697cae9f81a9d5ffe44dac58e7a,265,0
3b89fac978a021d49806d2f75cc9f4c2,265,1
b9df338c2d3db201e2bd938ddbd1c913,266,0
3756141b86ca5f2afcacf5113d4e8f83,266,1
67319450f16093d1be341212bc57c86f,267,0
375771fed439d26b5374aae3f6b1d653,267,1
378e5f9c174b753e2269e584ba82a086,268,0
9cacb539b16561b6987029301b5f4bff,268,1
53a053373822079628726191fc5b76d6,269,0
3858dedc8e091fc0315c50e7f8d74a56,269,1
b61a1c350af793cba5f2e936ed314627,269,2
f5d40a40e34f8a090f44cb6589c26900,270,0
4b7e051415b19b60bff4ee689eefdc7b,270,1
3874ee8af95029da74a9d821d6ea26ae,270,2
bc93d165d96e4fa4883f130b3f7b9885,270,3
9fdc67635e14822c347061fd50f40939,271,0
38b57271d9d5c552236511e9c5d4cf04,271,1
ee0a0e6973db6eff6dbd31ad6dc2beec,272,0
38f32b275b2bf74ee659cd5acdb14a8b,272,1
b498ef879c259999363dafe50f2b7acc,272,2
3901caec5d914bf20a44f176469b0294,273,0
ba8e50f3e374a63eae8af2f9d9a7acb0,273,1
ce5f21729823eb5d67ce2d874844e70d,274,0
39026a5b4f7486acd7ab9d02482ff69b,274,1
39114f65aa3185f05c4921cd2ce081eb,275,0
e455ae3e3577a5dbc38d6893edbd943f,275,1
ba3bb9804f760a2f417cb680d4598573,275,2
3916b0e11e209f1afa4cbcadb3f1b9dc,276,0
83300a2310d4bcca4194a54e5c276af0,276,1
39eb89fcccf2ffc38f65fc9874435d40,277,0
581a0ecff3a2c886dbf5725909d210fe,277,1
3a08f79c589a9e1d00a258e86a1331ce,278,0
6bb5a1ea7cae19a7a11fa7cbd55a7410,278,1
3a307aeade076ae4aab09ae25a5d30b1,279,0
9f08d625fda6cb202fdc3193a476b1b1,279,1
bca92627fd1a1e37630c13079cb10b4f,280,0
dd549fc1dbc7db15b94d1a0cfd7de309,280,1
b585478a061c648ffb68be5024574b89,280,2
ee86db1a059e9a7dc5a72eafde4cbd69,280,3
3a4465af672ccb78b09364132ba9e4d4,280,4
955f09b99664b07b0cf18768c84f2253,280,5
3a88831048e734048b59f99f3e2e7133,281,0
62c56362b10d68cfaf8000485da3de5e,281,1
3ad48056423f5a0710d13d943f112fe1,282,0
d54a086123963adeb84c160160bac353,282,1
3c044e6b0f5e68685f9de5269bc0f5d6,283,0
d5c07be135c27ed55327536e81fbb1bc,283,1
6226ebfc1f9b743a8b02db4eb7145738,284,0
3c659b2837afab3af6b952fcbaa6a515,284,1
3c87d6e4b488073a424d625d6130dd25,285,0
a4d8550e3c9eeb147f16812c33fe594e,285,1
3c89c48cb5db0af4ff08d1b8568e5687,286,0
72e0bd3f347c8619508cbf214024f647,286,1
3cb832450f38c16278b3c78d15f7be7f,287,0
c830e13bcc901a882b0107569025d583,287,1
7f99c8b70a5d283079d10fefeae1d8a5,288,0
3d4cd7d76ac3fd28bcb64af6e7a4ad9e,288,1
8794d36a3038f4537f7d261d3af4eebd,289,0
3da913b3f89eefa02a90c878ebc4c3ae,289,1
3e1160cd1ee5bb7c72a9ab1b5837eba2,290,0
eb62229279cd8ab73c9ca81171f14762,290,1
a2e0d1c14db909be687d445cb07f786e,291,0
3e41f9ccdb229ca569a863db0ba32278,291,1
3e8bd1b2ba7150e058216de2fe2bb3fc,292,0
89d9673df0dede5b57c52f98b43c1f9e,292,1
7c064b4fa48467ba6c1ff3b8a6c28bac,293,0
3ea446fb35b118a634e5f5ce509f672b,293,1
ba4a7100888e96520a047cbd8f889371,294,0
3ee83e295ae1fca3fbee89fb67666bc1,294,1
3f09402aa669e0e9f91b7f158c8708cc,295,0
8e3e843a0eebb79b5ed06f97c078eb87,295,1
e19325ebb64adc3293f7173d7a337409,296,0
7989dc8593e576e3c44df1054d5d4686,296,1
3f3ea480b6f8748d6e826f1c1d6474e3,296,2
3f5bab6cda2430e7cdf7ab27566599c8,297,0
9af692888cef9a1698853f1424cc6fe2,297,1
3fa1e5427fd312f27072d99cb14a63d3,298,0
5cd64763e1df1acf97df32f5e310bcd6,298,1
40f620868c9f202a2cf669e4f20ffcf3,299,0
550e7bb1a7330b015e52b7fef89127eb,299,1
529ba9e8521115b9d2a606a2dd5ef7e9,300,0
41d7b7080bd5422ea9e0539b9f085c3a,300,1
c58a200ff3b51b7d90b745d62d08dda5,301,0
41d8bdf4fa44175df755d930dd4bcf45,301,1
6dcece3682e1f8d8772be8dd3649b1ab,302,0
42045280ad96d543a1edb099b0b05940,302,1
96907a7abf71ca7e5e48b36514d6c7f2,303,0
424695a2886897279fd2d40c394d7848,303,1
f12da90682826a7b149fc550722e14c4,304,0
42cb31b9fc4dca6da8112c72600ce8e3,304,1
636498ce17020805892b1dd50e5eed64,305,0
9f887e6311f6062c5741bfae853edb80,305,1
9e0fa510b3e5a89ab765dfa48957a4cc,305,2
5005f9cc40ba417daf4ceefa86fab751,305,3
42ec055dc827cb138393c9ed767f9a21,305,4
f41758ea4ca2fa1520cfe98a4c064e54,305,5
8dc97d161e376446e0f2a80b6dbde788,305,6
a28b628b33608b2cdadff12fc6aa2537,305,7
890b1b3fc51fa2caf03d7bef25a31336,306,0
432589e7402d6d79d3d37131db002d54,306,1
c500818f3a0e7d3a10a0c567e9665035,307,0
4351d8299a773ed099cc12148b61fefd,307,1
f7d30df03c85f640e735995c61e9e2f7,308,0
436b91d1faa3d2c896f31e1b91b868a3,308,1
436fe677570dbf833a4298a1f0346edf,309,0
a081ddde3cf1cf227b66ca1273be9459,309,1
441265c6b4598e9bcd10bc10eb6293cc,310,0
7a1b601b146af835cef2bc71ea599c65,310,1
f8b6b12c4ee64f1ab2ad35473aa137d4,311,0
447ceabf87de7431032ef708132594d5,311,1
a9de2f159602a6c08dde0551062fb74b,311,2
44a18e239f8354b5347d91855a2508bd,312,0
a8d547b83d523669de401e539503ab03,312,1
458b3e1c2f1f56179d89fec4d56bd8d6,313,0
6ac47ff65ded3ec22e05cf158462c9f2,313,1
45d223ee70909ce1839b31a988beec22,314,0
5ad07c7af38a557d5542f50ce6341f8e,314,1
71d1f80515b8060538cca8ef303fe853,314,2
e1131d4413228f5c89e0d2732f59e1c1,314,3
5c54839a5b329bec4a351c74e0c24819,314,4
ee690e4e9eb2bc1b23acaa64ecfedb3e,315,0
46139ecde6bc5abd09e0dc4116c85fb3,315,1
462d4231224f8acdc85dc9449f803a2d,316,0
bd7b04d0b48b5fc9d004e93b536f72aa,316,1
464f8dbd8b906717dd1eb94a344f7262,317,0
c9702f84cf4495e31190352abe61160d,317,1
8c357871e57c5c60277230412f2d9028,318,0
46a3684a20288bee24955dfd822422fd,318,1
72b1b91e6f808255aaa8ea7af6d84a7c,319,0
46c96a0dd0b92dd0ccdc841ac9816719,319,1
a636c467e154d0a2614dc186b57baf5e,319,2
4721d191d9f8a869dc31fd220e5bd1e1,320,0
adb134cdca78025db20a3607f72edc92,320,1
4758f0c0f3fbcc8dee2d2c898b4c40f5,321,0
e696a20c83939434527ea9a8b4d26d24,321,1
476f0dfb144aee7d5422dcc3b2b97a9f,322,0
e187fc91f755db1d0885f19a0b333523,322,1
6519a41ad0cd0eadde0cde1ee256d141,323,0
47791bc4ed9a7eb5329f4af7c4bbb84d,323,1
798bad8db4b90b6a0c012465a8fbc344,323,2
500b90c3e7eba2e3b25818a8c1834d45,324,0
478261713d5379009e2f1be1ad3deb63,324,1
479200a381febadfd767615fbe77c3ea,325,0
9732d77870c47958a27d32126266ef89,325,1
480b4b3b0b1ec9ec41980ff45a5fbaa7,326,0
a923bffcafaa9baa5f639e3911c18998,326,1
d69d6df4aba8dd5cb1d92e622cf9a005,326,2
600a7b8ec7c5e6b21eb9b12b86eb1b4a,326,3
66a8bfc1d23aace57c50b9aa6bcb60ca,327,0
482c76db2009b85013b3ba7b9df83d67,327,1
484c5b152bebfeb14de40f5d816237e4,328,0
be58ae01e2b2ddc28eb6673aa7e47819,328,1
487ca72fd110eee2985954aeda10f456,329,0
d12d9f200e1746eddbbe430243a46cb3,329,1
a8e96a9ccdebc9ad76b206493270f670,330,0
cb3e609099b77a0d25918e6837e2a5aa,330,1
48978e6f6ae7bcc2044599737aee9b8d,330,2
bf1d001ccf13938721098d0f5f3ab546,330,3
d0461ccb7f1b70ee7dc3188422e246d9,331,0
492bf65046ad2ac9f710930418b15a75,331,1
4940fe820c4c057f856ffa9618cb1985,332,0
8c72125b59c871657b90358f53dab131,332,1
b428c7ddb14ad3f3ca9db0d3c01e8c04,333,0
5112ffdb6b267c33eb57cb47580d7bb5,333,1
4953f5a813043846c5e93b13adbcd1df,333,2
49db2dc6d2b8ec83e08ecb69182012e1,334,0
f1f74c4aecfa7f9baa760bb992e4c720,334,1
a6c30b9c00539ff6e70c8fc774232c61,335,0
49db41e3293630f0b1a566d7c9a8f07e,335,1
4a098862c27f299e7e674542148286b6,336,0
6788613b15835202197519f788c9f435,336,1
4aac539cdb139eb4549013b591084c4f,337,0
aa3d385635fdfe96d5194d0f0991b565,337,1
4abf4f8b4b7768af6eb06d3ef31b1e09,338,0
cca735c397880e88192e97d68b97754e,338,1
e920b4b7fadf9463723ecd4e5755c485,339,0
4ada62a4e80e0cc01ceac327b2f5c57f,339,1
e82301e658d765151edd7134a663c4e1,340,0
fcb820c8c3ea34338e648444b90b8307,340,1
4b77f015acc40c7e39470f3ebb658818,340,2
cf6d2d5e9dd37892e7aeb4cd12f76db3,340,3
571ff890388328af4b5cc76183ce8189,341,0
4bc5aa61ba3fdc8c4257a621fda84e6b,341,1
e424946aa014c140468320fda4683cb4,342,0
4c4c624b8db2f481703c4ee6dea58bc2,342,1
4d3882bcb3cfa5661e84b381063d2917,343,0
a3fcf7e4e09f8910e49ecc061b5d8c17,343,1
82f05aada3c46211732c067b8a63a6cc,343,2
a59a439b05a88a8ed3210054269c7bca,344,0
4d803d599e3aa34b4d4d97b0e3a6ff5b,344,1
4da76442dc5402b98d767140b2661a58,345,0
a6bb14d29c43bd60e289adda03de9687,345,1
4dcd3e9109bd390a86bb0f72cfc80a8f,346,0
bb575d53749fe2b8cb9ef5381d968808,346,1
98437e99d54122b62bedf58038f1db93,347,0
ea2550ea9814a9ed57936301517e50b0,347,1
4e4ce0014805e5233656108980fc35a5,347,2
ed98920bae111557e6f300d88583e89f,347,3
4e60bebc14d01b30a0873ba7ee026dac,348,0
6e229bc5d46c2bb07cb0ab6b64c30a48,348,1
4e80b5738f591c7d0d91889c2bdfd39d,349,0
8013d514fff8374e2f0435f808a57d8e,349,1
4ecad8aefbc2ce6931baaee0cda6955b,350,0
5d7632f1794e2cebb36e21c51c9f4402,350,1
e3e660456c62fb96e17658af48b3e7e4,351,0
4f066c3230d1e0d5f38a1837ea1a86e6,351,1
62274c435774e0ed7a219c9c3b693bce,352,0
4fdb930e10a03f26ab85cabf770b5ec6,352,1
500aeddc89cbf4ee0fdc35bec81f756c,353,0
961cf0025e9a8dc8906090034158dd18,353,1
c8a4a8a30dc11c1e306103cbc9de6a86,354,0
5098373560457463b80922a7357be23c,354,1
601b0ee3f58bd12e3f3f1ff3a91d2ac1,355,0
df6ff40fbec6619b935d8fa3f6b9ac39,355,1
50f2942a4d731666067eab3d0bf0011a,355,2
c907464eee427bcfd931eacfdf64a5d8,356,0
50f74e7e621541065c3b5955d41782f2,356,1
f1a748bf771215ce5a166846e8d9af79,357,0
511a33b7aeb1153407ed2d55cae001c8,357,1
64d853ef2f8fd85e3a9b09d3791780e7,357,2
8634ef0b80d1353887839c0a4a36e074,358,0
514f766f399e03368682786c5d23f3e8,358,1
a2fb69954b14fe15857b0f54515fc745,359,0
5153df72c43ac1de852e734075691c30,359,1
516598fef0cb4c22e42999b3df120e2c,360,0
810482a949cbe7f5cd785a1dd9f0122c,360,1
51ad0c34db40ecea345bd236745f03be,361,0
6c125545cedcaf6438003ca039edfa87,361,1
e739dc3b9262a94c9a5c206c39864278,362,0
51b79eb617718f11e64587422e6877b0,362,1
da2502ee900c4fd5653d4433d05c8cde,363,0
a5ea6ca256cdb4a7723bd483d5d5ec5b,363,1
51eff3eca711a0e2dc3153a420c98c8d,363,2
8982520da76f908b20b9f66c07ccc1e5,363,3
99fb9478334093d729eeb281d522ed63,363,4
855256cd7062aaf319512b1648249481,363,5
6210281e975f738e94a5643d366e3b09,363,6
8f01bf374ae51581432658526d895b22,364,0
5312696946a2592c9e0f09a25f1d080b,364,1
53a0d392e204cdbaa181fe636dd62600,365,0
b0ee38976e71dfbfba705974713ee612,365,1
e64598d6884499b44b9bc615912f4f0e,366,0
53c13f2dba313251cb0e86eeedda6bbd,366,1
7b4620ce61fb768c0ad330e3bd9caacd,367,0
b376a3dc044849448f2fa1665243a840,367,1
65bf2cc6f9ed1eed86b8e7a908efe834,367,2
e78a43e9cbfaae34ae2ad4929f2f8bcd,367,3
c2b4cc586b3984b248e7d095d4c0bd03,367,4
f367f6252be10578dcadc00ded89ecd5,367,5
9928acf6905a4a2542f6bb7c4748c89d,367,6
bc4305fd88503b73edcecdffeef190fa,367,7
738e10c912a9f554aa16122f48181c50,367,8
53dfff0cecd06c15f600d334e7324b78,367,9
5713e93359c4a7f36073922557f88494,367,10
a067b076fca33e4b22dd6f1024bfe369,368,0
53f9f8b1c02567febb3209a7671117c1,368,1
548590e1e989bb302539aa8ef1e9809c,369,0
ff28b460869954e8ba28ff6b9919e46a,369,1
687d89772580c411d434b346e1e6c505,370,0
548a1b47c6c3d002e1fab2d2959404db,370,1
5504b8b281b572e1da90774ff3f207c6,371,0
aeec9f0bc83c16e7128b26e41a4d7ff4,371,1
91256e6ad32ae5faf424a89a30b7a849,372,0
5546f7cadb86a731b7a1591070316dc0,372,1
5554bf43ed8256dff3a716d9811a7afb,373,0
7a0a36bc6119e3d78474e6c8ca875725,373,1
ea954ce0f1563b69d79bd1c2b7129618,373,2
83ff615957c966e2f9defbc4339196a3,374,0
55871a7a0ec1e0958ce44dd101d48be7,374,1
55a01c1ebef6b40ac9916b6abe9b57b0,375,0
eb2b8d9eb0affaabbe770fcb5933dcaf,375,1
8196c63cbdcdc0abd0cac91194d26944,376,0
562fcf2bfefeabc1ab87b205fbb7e2cb,376,1
c8cb1c570b772e3f7943e254ba096e9e,377,0
56deba64468141b0968ad8899b121b15,377,1
56e5d931e0c46a942e76aaa95485b9cd,378,0
878e0b1bbfa299387e3afed9d7c372bf,378,1
573ad8015383dce02cbe6dd1b9b0819c,379,0
a3619255e4582f5d99537a251e668d35,379,1
573cdbd8eda0e7ccf8a1df177f1764cc,380,0
71f3ff8361e8d200a0b497ec2cdc2097,380,1
af4e9bbfb08853b7b2813331fbe5b877,381,0
58c59865a2b61e6dcd15fdd75c03f8ce,381,1
be403ce415609008605d63396869ed2e,382,0
b0e4ac380ceb1b245dd4fe6052913919,382,1
58d791d4597f6ad6c0f041d9e474f195,382,2
591da133fabcfdfa629d09729d356cda,383,0
eb341a42f1e27d3af125fa1bcba8c799,383,1
da1de69a3097c5cecfc5a5c20f125340,384,0
59750807e9d7869288cc60f7c318314d,384,1
6806e41cd6048002dfa52e2f4ad88900,385,0
5983afd79b3d81e4fa5d23eccdcac8c4,385,1
ff20d2d7c321ffb900fdf00de6d2eefd,386,0
59df439b2cd91c2cd68f3a0917ab470d,386,1
d067d3241f1340c9c54c1b78a5a780cf,387,0
59f2e4a9a209e933826447819f890aec,387,1
aebe292567e0f8447fdc94994189a80a,388,0
5a3e3dc26a1d2a473855a6161d870a96,388,1
5a4ec1ea101e790664aeab41d54cbe75,389,0
63faf78b499e70ceb096c53a6caf31bc,389,1
5a94f8031f8dfc6f222e1f4c2df0fade,390,0
92ed1808381455735456c3cbfb547ea6,390,1
5b281fbdb595d08a630ec51d418a3196,391,0
6d86f19eb226c49cad23b4b0d5ba9ef9,391,1
5c2226e06c1c417be01fdd49ce5501b9,391,2
80c676be159548673ff236d808209e33,392,0
5b2c1fcb4a370400b64df671560fb733,392,1
7d60fa34382d46eddec04ec8acb4cb52,392,2
5c2c7009ec9100ff2473a4d4d6c1029d,393,0
daf178053958c9d2e71a7c7bb9c3fbb7,393,1
5d04a3fbf6bc76e526f4d1c3d763229f,394,0
8b8338194dd8175d057bdc068ba44945,394,1
a58d6425e3c86c6d532cd57dc7504c13,395,0
5d13a41bc7d00f8f089392106b073b3e,395,1
5d438b93171c54575c3248d799952a8c,396,0
fae6996aeed84a9a75cbe726be46bab3,396,1
b0d5c1e2c6bc18f2736f06feecccafb4,396,2
7dd4b4c937f8c0ceb6a30e25391f45bf,396,3
c6d58607cc6aeb36e4c1d65fed824e84,397,0
5daca040bbf1338462417b7a5dd820a3,397,1
aef2f50710677c1204538d88d3475e63,398,0
5dfb4fde4486edf9f5863e61a1ba016c,398,1
5ea3b6705b0f21ed9cbe1899677a2ae9,399,0
a880877c39bb56738db55b44336087c8,399,1
5ea6feafb6765b6916a259e60eb89354,400,0
6232504a502236dc3e38f9fe46619308,400,1
9ad778a5756c42441beb803ad8318fec,401,0
5f40e0b339592b1b70f17134a06abf98,401,1
6f50ffdccefb38de120dfb796577fd5b,402,0
b19b678ac181c02332d1ba7acb6ba436,402,1
5f554a63b2a187b75a1764282fbf10b6,402,2
def34835d0079f5fdd5bfd81b01ff7ee,403,0
5f7f609c150bb74255eef591bba15ab1,403,1
5f8fbed589d176d76b04935caa744bec,404,0
c5e82190f540fb912cc8a96eaf682b58,404,1
601ffcbed401250430f367a898cb3e3c,405,0
ee1605f1c4e68d7a52a07fae529e14f8,405,1
610489a9612f4f28cd140e8326c909fa,406,0
8364aaf55439cd2b1207b7bfa35d79a2,406,1
6109a474ebb5c73ef1dc5fe36c6f7df2,407,0
c25541fd4c6bf6f78e3f364d279b63cf,407,1
616abef9b646a96fb3f9fa9171d98e28,408,0
9676a10811c1fb71f39ce325e330cd06,408,1
7eb79f3619425b7b26f3acb5de6c3fda,408,2
61af9a116d196c47cc049a122eb7b7f3,409,0
f084f6eabe7932229687dfa7cbb3dbed,409,1
61d53ad3869b865564520488312443f2,410,0
b3c9178d328c9a8362be6b7a55614287,410,1
ce4ea0a4caa1d63cef4e6a5b4c9c92c7,411,0
61f1b8c3e654e552dfa57b1c5a767666,411,1
c5e43f6957d317a37a98f97cb2b855a1,412,0
622fc40ffe3f5307f850d3e6e3e738a4,412,1
62e36f7cc417a5e10b21466267b327ca,413,0
7ee441bf99f40865e465910785ea56ce,413,1
dd4a6b2c2370f47add9ec08e2f7e7458,414,0
632bb32084df3f4c50164c2c684d34ab,414,1
f55f2ee739e6885b33a64d5171b7706c,415,0
63e602ffc3e1fc9e5f05e13a74999f02,415,1
66dc57a3320d9abd25eaf8b74c07c7bb,415,2
644c556ebc3fc0c4345e328f8523308c,416,0
f6ffc86aa0c22f0f0e6bb3b5c3dd79e9,416,1
b0ba9ace7fe4fb08dd1538d83425ec94,417,0
64d89f6270efae268f99717bfbf288e8,417,1
f64a4e01ea89ad9bc824c044bd57c1e7,418,0
e8d79e4c9b85f70b581e3403241672e5,418,1
888a60018916e6e3a5f6042e285ea011,418,2
6549ae500a4a645d44efb7a611c5ab21,418,3
7cd2df8fe3fe766914f311e7044ae747,418,4
659d40f953cf502899d937809b870d23,419,0
e35d234136ec9134b502de099a7a512f,419,1
c88c9fb51014147f35ff0030161fb90f,420,0
66197db203b87630238f7199434cccba,420,1
f02badb2b1c69c914644ea89c3c5846f,421,0
eaae490bfc1d9f10fd34caf902a6900d,421,1
abb4ad0009ce57bca8d400acff5d34a8,421,2
665fcad8a2159796d111633809f6d0b3,421,3
8cc5179031ebbf5704f2cc33476dd5be,422,0
66c2c9894033a7e09a33548f4e51c2be,422,1
d27cfb2b30e4b435f0d0e38997050988,423,0
6731d5ddd7e968439e757ac850feb2ad,423,1
673449b5e46a844b12b1599781684591,424,0
aeaa36ea58cad0b8121e59321ef1d41e,424,1
7ac75b11d166936c552ce33e170afd4a,425,0
67bc9a23a87b07457464561b22515733,425,1
8e6046bcf8e5c9877075618ea526838b,426,0
67edf831a7b0e716ed35b4d637dd66a1,426,1
67fa39eefb55953ca818c7c46d3a8369,427,0
89912d7c7ffbad7504be4a75676fa4c2,427,1
e8efa9929870f9695be85d3ee7276518,428,0
685903725349cde80b2be656ab872194,428,1
6ef357192c2530ee54e1bd38a3231e00,429,0
6890c90884c340a88a661384550e6339,429,1
b53db1580f4195765d45ddd7c4907e2a,430,0
fda6868aea710b2e286d1b575638050f,430,1
68d72c5e4c104168c1a12ef520fbed6c,430,2
6976004fb0e04f4435b0e1e127032881,431,0
d0e4a4827c5ce9d7cc92f05e25674b71,431,1
f5bed5601a8e1f32043ff77755d957d0,432,0
69f32b20f51e4166809a29e594764865,432,1
a1182a350f2f7c5b6d75aacaf5aededc,433,0
6a2889f097b3501ebc0343427e9e0c3e,433,1
6a5cc0b66b8d4af9c13f1303c6de5ffb,434,0
c24bb6e1c14b242a4744d9854f738470,434,1
b912445f14c14f0583f573db5be18d7a,435,0
6ae06c0101d0cfa56d4ca5c6aaa7750b,435,1
6b47d60ee262e38e5bf082837c3ca24d,436,0
f2d4965abc424e27c5d482ac0155ffd1,436,1
6b512a45bd8ca759e655c2d551dec2d9,437,0
fc3c4b863c8e9defaf8f430cdee91183,437,1
6b6ee3706f0b7accf8dcb4d85ed46975,438,0
fd3bf77d72ce527f9c9cfa57f6cdea8a,438,1
afd477abb13dea3e8d517efcb19233c2,439,0
6bfa122b5832ffd442a8123153f5d252,439,1
cf30df304e1b75bc28624ef1d5c2cf6e,440,0
6c3599d5faf73b34fe8d64fac9368483,440,1
6c8b94e99dbb1f65b73e1e8e32469689,441,0
fb5fd7ab15e699998a30b36fe169431b,441,1
ee83e1603d89100f6546368fe275aaa5,441,2
81f1706e615ff80757a041cf70d022f5,442,0
a21c88c3d7c1a95eec2fdc7300fdfee0,442,1
94e121bc4a7091b881e8dd9b6c2be6b5,442,2
6cbc6f7259cb45a4086cd584aec53857,442,3
6d5c07d90c18669e961483005a6a8a7b,443,0
c5935769ea277fc625da007d693f7cf2,443,1
6e320ef7485ec6c55962007956985821,444,0
a45b686526ef8327fbd9e8b770984567,444,1
6e70fa6670bda66963853ad613e8fcc5,445,0
775abecd4e7149acd83c9c3c55e2834c,445,1
6f7964ccd7bf337793b91b0a2c4266ca,446,0
afa70cee560c0b557c12a0cf0ca7611f,446,1
ddb64fec2f66e001804e629c20867e59,447,0
6fd2d42591da02ae878e2d5c74bcc98f,447,1
6ffaf27156505265f49d0dbc2d14a745,448,0
f6a5026c3875a441ac93945bd4ba9c18,448,1
c1fd9dfbf6a743763409b6d1a26ab29c,449,0
700a11960e7458ed75689c47eeebe141,449,1
700e60e9a130333e62698a1c4ef46fa0,450,0
fc547d2e786c1d19163f39dc576c0231,450,1
702c576df7dfbf43e3c17cd29f804ef9,451,0
b81f068ea8c90ec259cf9212bbc24c22,451,1
70b8788b7d72841a18ebf2e47e70e24e,452,0
fc8679d6d29a34f76d3c2c7f128b9f54,452,1
8af0aedd384b877915768fd8e39374f0,453,0
70f608a3fafa4e75e3201a78962109b0,453,1
b44f323b60014eb06669f55be99bea78,453,2
7105b8ee8d4c00c513b334fdfdcd6c49,454,0
d8aa8df17952aa8028bcb040964989c0,454,1
a81d768e9eacac29f12201fbb1ed93ea,454,2
8bc15e3da3a5793c473465b6a5e709c6,455,0
71284c0b091060bd4d353a9e94c8a491,455,1
71ba7fd980accf756743a32254e8a71c,456,0
d7b172212f491714565c0ed41b95d0fd,456,1
84271b2059eff69d4cfbbb59670b8592,457,0
bf9725f0dc71d2ac533b21d7dff4b796,457,1
71e9b5fc5cd1125e0d4c4d54c2a1c701,457,2
da2319b5a8f33c13bcf2380c25b78e37,458,0
72a669da75812594654ab2097000c32c,458,1
72bd56326bacd70420b41ec463aae7e8,459,0
cbad739adf8a8bf6803b77f81946f8a4,459,1
c4fb78f4b25153789d8c8b22b938d322,460,0
72ef48dc4b05d21859f3842c373e5216,460,1
733dbfd0b96484c20b09ecdc4e4b095c,461,0
89f418346fc412a6458aaa05a224af3a,461,1
735ed10b9f870ff45482454f55b1d807,462,0
bc3ea73616f606f303527da9e52796c8,462,1
73b0a645fdadb31c74ffba963d4350bc,463,0
80705f12096390b55d4445485bae5eba,463,1
e5c048da7a875e04bc632e048223309f,464,0
745fb454d6a8791d6cd69d1aa4dc90ba,464,1
746223e2679f7697dc6b6aad326a01df,465,0
fbee536cc1352614dda57bcf0786f387,465,1
bd650136debd7ab365c3222253637f9a,466,0
7544176f3abc652330625e45f8cdbae9,466,1
c65fcde885b4f231d03cefb0fc75f4fa,467,0
bb2635a6c0d41f1ec1e60ba92747205b,467,1
759b9eca357202fc550e17cf10daed11,467,2
760f8945b00dc239d46a48bc34909eb6,468,0
7c440d8eb7dbda63b0b45b7773fa8279,468,1
7624415370e093d21a25464df6b3fbff,469,0
cae077a0259202d61eaf7f10424b148a,469,1
eda92317b583435a810cac1dc7bb8025,470,0
7641921e308edd4de40ad5f83db43a04,470,1
765f379ba8bbc988d29c8e706512d053,471,0
db6bda8b9e54352f83df9308c7b200ad,471,1
767cafac7ddffdb276f3f31b61c1b7ea,472,0
c1f151640dce9fc4e33569700be7d52d,472,1
8e18a003593e835063a89a8709df3979,473,0
76b3c174b4d6c34bf2ce7322d0a5de37,473,1
f1e032b285fbc5f7207a608eb5ec9ea4,473,2
d9a122f3cfcf06a7768de8f5eb27a6d1,473,3
8679a305ae1cb7b2ed35c30529650e47,474,0
76d4adfe37540b9f618888092c2bc162,474,1
a4759f06b88c45d2153555b988ac52a8,475,0
775777a9999dc86820444d6c67c5c78f,475,1
7f57053f651025603c6b4246acd0ba54,476,0
7817ae2d392ba4f6cb9104fbe70b6274,476,1
c2cbc885637a451cb0218a599e1169c1,477,0
7889a8d815877c63420df1750271bd24,477,1
78a5b3a0da3234789fac1ba1110ccc40,478,0
f86f614f61dce71662f527ac82b3170b,478,1
d4fb7f6c56896aae15919a010984a8bd,479,0
78ad8ce5fe537a97afaf19db3e99628b,479,1
85537a74e1872569f03e0fed5e8fb9eb,480,0
78b2a52265722810be3fc2f3a562630c,480,1
ffcbb41626c9267c5c20c4804bd5639a,481,0
78bd2af7d449cc2185aaf861f61531aa,481,1
ffac6d538449832cbecba2c4f4908dfa,482,0
799cb4b13d53dcd60058a4dd35a933e6,482,1
96ebc7a4719a1f87e0d0c6623e32e48a,483,0
7a7df1b2eabf6a5b55cba56cd312fcc5,483,1
7b5c303bc727db87d76486bc15084adf,484,0
b85c0e9e08d5b97d232f295fffe7f5a9,484,1
7c684b49197a0d4cc40a97ea729a5091,485,0
96fe9eb038ba77992ff6fd1b16ae9427,485,1
98ad56445792bbc98832ffa0e4f821fb,485,2
8a539748fa4ea8902c3471f43911b7dd,485,3
9359e8987975c5e0d24dcb18e41270dd,486,0
7d1d9ad923a9f67ffbb27c9d3c62ab06,486,1
7df851526f6b96fb36918417d70c559a,487,0
f0dc04c4cb88b0e5bafbdc6a852ffefe,487,1
ba79259f809a3397afb951e3f604bd90,488,0
7e43dec1572c29fac7a8e6ed7905e927,488,1
9df270613df3c7eb10ec71bfc1aebde3,488,2
be56b8fd2f70cb10e72deae6baedcd51,489,0
7e6194d098fcf07efafbe3803cb4c321,489,1
7e69ef88f9064f2df373d006968ca5a6,490,0
c0a8a6e08e518643663b9635eea0eddc,490,1
c874de63fb72b5c081bbea4a5a7aae65,491,0
d41a958db22d495ee02e9672d1a3e532,491,1
7e7e6dac3271a6cad2744ae393328a36,491,2
a09c9526e3316571648552d78ac37c2d,492,0
7e8136cda906272497595cfb2088f4c4,492,1
7f79542601ada0fb6c5817169652ad93,493,0
9d14c42db92e5ba66f97630b55e1724f,493,1
7f8cb9cdc9c8f069cec25c44ab4210de,494,0
976e53986cf5902e6d8eb26e04fa44f9,494,1
a48b27a0f0f78595b8d71a4b373acf81,495,0
7fa4634ab59a7832bc877fef162eacaa,495,1
825c6002ff3ab0e041ebd7025ba41b4f,496,0
b6b7accb239bacc0e3a8455acf3833fd,496,1
b9f5c7310c0c300f7a116a6fabfbdebc,497,0
82896ceb267497b41fe1d8271ecf0a6e,497,1
c35e39e522cb0a93ecd114c71e72af05,498,0
82b8e31cf5bd59934af005c609d05e64,498,1
83139cc77b98d060b59a997df7c67c77,499,0
fe1f503420d2d5c4a723ef6c2e7efb1d,499,1
d3d56ee887a17cd40e7b6cf630c8107c,499,2
836ca5d73c88ad94fb980ca3e5e65da7,500,0
b06b4755a9bbdb1e304f98a5d71e3c29,500,1
846ffdd927cf1a58e0c5a2507e83d85f,501,0
bd044fc0a6c80e3f94bdbefb3d36cdff,501,1
acb7fc21fae5acfeb3eae17fbefa0e58,502,0
848d1942cc5b7feb97cc03d3ad08d6f9,502,1
e479a841de401149c4f149ebe92cec7e,503,0
84ac33bcd6d2f5efd71db64edf8dcd8b,503,1
850b9fffc6972f75431db42dd07845a9,504,0
c4cde1827d4895957ca8507e37a3cf76,504,1
8520e95c49091fe5676146fcedfb3793,505,0
fc6a695ba44f4b64425c522f590bac48,505,1
85b31dab1e9985ed09bc99e6797348e0,506,0
a279b450a867eb7acc4d2ef0731b3352,506,1
85b7018a9e5287342a1392fb02ce24a1,507,0
ab106ca32e9155aa7e68eabef8e2ed59,507,1
d3c90e3b04360cdbeadad04e64cd5e2c,508,0
beefe43af57c31447ce32949615e211c,508,1
86756422e5a91331c0fc069fd3f8bc8a,508,2
9158baf42019752ef196d31796e7a768,509,0
8690e050e07c2c2aa86f442125b3424f,509,1
c17fbe7ddf1c9b5993bb144c00d5136b,510,0
86d1fcf7709618cb03e0e05b08b1237e,510,1
9b56f501c6765027cce8a1a8ad797767,510,2
a737733c443a5aab85263c0a8ad94e2b,511,0
86d82664f0e63cf73f03404507a6e3aa,511,1
876d25db23f2f8ed17646186a30bb263,512,0
b9ddd69769597b7910120d47e6a93f06,512,1
88bde4c99e9dff4e732dd21be1bb939b,513,0
ba4a1e8412d6376304ae051d32184ce6,513,1
947778d55b7cb029d9b22bd048534fe5,514,0
fcb4ae9ba7f26027fda8eb1d814a808d,514,1
89b62c165838d36fd294a57624db8e4f,514,2
b578ce675d9949d4d8b361150617024b,515,0
89c153314fbb6cb1b8140d1e5cd5683f,515,1
8a415b0e974861fa00ae9d88f9e3b980,516,0
e2726cffee3499287c6f87b561dd228d,516,1
8b44ccec7265270e0524c5ab658d1344,517,0
f317f98d0b35871e4363580090ed2e03,517,1
ae91c33b37bf459a7e10f36209548637,518,0
8be88cbd606502cf980f721d57c1c794,518,1
e61f5f4feabbb1cb6c09a2bd4494b916,519,0
8c64bb74f16d4a6c44c9b8ea5dee8543,519,1
8d591bbdb85060fdda5c3c85f29ed9aa,520,0
a3d3ad2b05d3291a3353f6d2fa2f7245,520,1
8ef60407163c62c9fc4f2a3f6bf7691a,521,0
e7638f9443ea67c64e7befcfb52d35f2,521,1
903c88d5dc12315b4f6e9d6ad6b82537,522,0
dcdea3763106a19e15cc052a3a251f9e,522,1
fc6540bf872eaa1b8d517c4c51341917,522,2
9c5565193a8ab6ddc3b303bc0a9cca09,523,0
90d0e6728b0cae76570b1abb459b522a,523,1
dc7254ab21584e852fe556646c86d6f4,524,0
91afb93637f5f86aacf904fcbe2bf5d9,524,1
91c2ff4afc2ebfc91581c582ac5ab3d5,525,0
d527d0d353eef920f47505af9fe37956,525,1
91e2c35b8c9d4b6c1772f0589e6a81be,526,0
9ffb0d108038b5e91cf647c4f4b61318,526,1
cf811d5af1bb735310b1a7775cd2ee9f,527,0
92c47e36f3e35b80eb8798558ad37e10,527,1
92d9151ac1696151907d63db1116efa1,528,0
e62a7175ca466fb365631d124972c0a8,528,1
93c61a53aab1f24ced17419d1992bdf6,529,0
bad219691caef5dabf2c41f8a9f531a9,529,1
ab81f1e238ba4350b836f161a0c5c043,530,0
94a91bf6dc832eda6a8f9fc70aae77bb,530,1
94f7caa8da3e5c1d5507ddde7b6d6c24,531,0
e142b7febd70389ad7034febac1e5cd9,531,1
ae57810f8bfc53392b2001d9cc684cde,532,0
95781af679bc9da8eb878cee3af3d158,532,1
95ceba057707ca5624053399bd2f14db,533,0
f0a73ffe7d71950702ebd0ef7efa86cb,533,1
96415990a25ee1d758a8bc7ae97d593f,534,0
9e03b5aae46d92a1442fd7e439b0c6bd,534,1
c192a7c5a94aacbb3293267bf206bf5a,535,0
97425535f7cd9edbfdcebb3d9fdce17b,535,1
975e3dab22e437d040f2fd296a8d038f,536,0
d69244e15961cf6fb54d50a3baaaa46d,536,1
9761fb9e15e37b85ea603dbedd0db804,537,0
b1d93623521ae08ba520855009692683,537,1
97a83309575b765469e6a09250d92170,538,0
c95bfd7e7fcb784d245163e8305143cc,538,1
990fcc12a9f6556f270bba5732815b50,539,0
be2a4f591ca984c0f621d49a0d4b281f,539,1
9921310eb85fdef96f5ec4b5bea102c5,540,0
a28d07249631a811d3c801881c7fee47,540,1
99a799d89d57d1dd0b40728a6b7796ee,541,0
b8ec9675d05cc0c83f4b1060d5a71cc5,541,1
99cc5f5b9f1a86c14dc1970defb07799,542,0
f6f6fd84d5275c9f2caa8edb15141607,542,1
d1ec2a1c9426ba4bcd9a5bb5fd047ee9,543,0
d4c6270294e180ad526ae4315a0c4249,543,1
cfc8739fcc8e3d89f162ef4718c4e4c5,543,2
99ce1fa103014b5486f882bb82994acf,543,3
aed7330d040f019f279d673133cbfe53,543,4
99d9afb22b65ea97fcd21ce67e1ddb6c,544,0
aadc8c10f196efb7e460e0c424aec805,544,1
9a9ca5c457ad34e83f7e83002c61550f,545,0
e4858d718f97a3ff5dab42484f5b1bd7,545,1
e4d241c25e1d63b25a01beebc53fc0a2,546,0
9aaa737a20544b0e1a40fba9b57d43ca,546,1
9b6513bd810e25a7b7f3bd91b4d16803,547,0
d756b18ac015e7d53b31b5c8b50acabe,547,1
be314bf69cc2a23be07350850abb34bd,548,0
9ba7f932ed3494e9b53913a57ada7361,548,1
9c0f575d90a8281e6600f490ea79b9ee,549,0
b53c1a43644615b8e537cd4ea34d12e4,549,1
f7090307815e24ae36ef9c66d063015b,549,2
9cc90be7db3d19f91f43a903142d5bfb,550,0
c8fa005ff34f3a8d77605437618f1878,550,1
ff10f937c3d52eff6ad4dd733f2bc3ac,551,0
9d80974f9e453383a53d81a9d5763691,551,1
9d9d0a78364c5603e14a5a644bab65ee,552,0
e96abe7cf94b26fff31bc9d9ab8820f5,552,1
9e5cd1fc52ee72cb0658f1e403aa00ad,553,0
f68673db7c65bc80fde188dea0e39c0b,553,1
9e9ace16f4d20d98a65d3936b953f442,554,0
bd31a494912d04160fec50b16a4d330f,554,1
ef77487acc19480876090652206c7e05,555,0
9f417ac219c2a547808dd1c143f66e27,555,1
a04846524f108bb046c4e39f3dcce5d3,556,0
a288e70d5f393dd6d804ad5e024cb5d3,556,1
a068d48cb0127a48b4b8c8574b39a2e3,557,0
d284c0c04e9c24ed036a882a92823ec5,557,1
a9ff261ddbae34cbbb6b5d5c0f2d1ce6,558,0
a109197ed889dd998c52e3f9d0bd98f0,558,1
d782c4a766ad5d361a9370fd0c6c6fd5,559,0
a1bd9874f482d6624b437a5c38f4c55a,559,1
c9011f483369ca7cc64fc46259b277fc,560,0
b876742e398387fa76182fb4154faf6c,560,1
a21a526d2529b8d1029d854d3e37594e,560,2
ea5816321370d9d813bb7107c2ed0074,561,0
a7853adb32e2eaad4c9e64ba84691d44,561,1
a3029b2de4339ddae99acfc46c29e11f,561,2
f7fd70526fd4cc36b348e1231cdab33e,561,3
dff285c9260f7f68f4e97fb6abd32043,562,0
a36ee9f2bc558182239d85d1f7a74e9b,562,1
d2e8ff5257ef522c1d7bef30c96d06df,563,0
a3794ec31a02fbf429486dd464f83d25,563,1
a38edfd7f0ab8eb00995e7c1c3168b60,564,0
d98d4b443eaaad06c3244e059b34053f,564,1
be8d828b7d90bca42ca4274f57e70cf5,565,0
a3ca38ce1d10c44103ba22d137be7c08,565,1
a3da6a9b33b3bbbbc3a2121a06a75ee3,566,0
a9a2bdda9278e216b19a3a948f4f29ad,566,1
b79a6f8a47e79bfc1dabc48c37d54464,567,0
a5694e9a3cdc76a58c9ad784e909abcf,567,1
e3306507fac36d68ea6c6e20bda23200,568,0
a65a095302fbc94c8e21ae65e1ccd17e,568,1
a6f080dbb9bf42ed3e8510972595c71c,569,0
e4004944daa2e2ab41f4d8cec3adec83,569,1
a778ef2839b7492090564d78367aaddb,570,0
fd5604231cba46e8cb162a987e1fb3e4,570,1
d844c98b020831cd13e0dbed2f72e719,570,2
d036e99b65edb7c803b047c4d5f43dce,571,0
a7b9fecfa7046194a48d717d7629be69,571,1
e4018c330e40dbf522c073c22732cf38,571,2
be636d17226e4adfd7ee577877591cac,571,3
d3b6c2650c9f201f3ff4ad20faafc23a,572,0
a8ddb6294c3f4b9123471e92b3947b20,572,1
aa288e0ae818acf0dcd09b923c9a1abc,573,0
c07ed66dfd3256b0d3500d8e46c4fd58,573,1
c115a53d035363f2cc49ed0b98934b9a,574,0
ab81e59d765182466b1c5dce9641cc38,574,1
abfa45d8a5a8615362ec7e70e7f57fff,575,0
baf9c1de83433004ccb11d2756d7f61e,575,1
fbb8090f001cfe840cbe84d42e70bab8,575,2
abfe06f56b989f9e1d6034b12bb885d8,576,0
bb0dfd783c80c4485da90113a01ea8ae,576,1
df6054cdf663fcc0fa704d6a45ce97ef,577,0
ac32c2c755e496c5e7bc1949b78d36c9,577,1
af964131a5f92d123d0fb1061e7aa24a,578,0
da765c184811f60cbff3d669bb6bcc62,578,1
b95035c00e6e99f3b4e3cd210700f6ce,579,0
b13961504ea859ff34a150bc19fed335,579,1
b2ed25818b60032cf273066b9ae43c0d,580,0
b1592124fa872ab5ad10d0d5dbf80a30,580,1
d7f293887ea70c37b1c940ba372e1a2f,581,0
b276c39d60d16cdcca065940ed55eeb8,581,1
b2d9c8835a45e3ad96ecf8596de851e2,582,0
e93b6d79a651c132ee0703fc60dc2199,582,1
bba14a84e299b972be4c0213767b848c,583,0
b353c4f536a4a45c93cd2908138662e4,583,1
f7b41d0ca05e2d1de4fd4b3fd0ae4ef7,584,0
b3a2dc7547bc580c6f3923c61db42051,584,1
b64b0fc3bbfde95fb265773a61962813,585,0
b53d843700d9665439ec8791e4024d70,585,1
bdd7c058fbd05e43b11d0affb2e14dce,586,0
b5925cdedf4c9c40b4249a39bfbbe35a,586,1
b65129204d2b429ad4612276e2d2dd84,587,0
ecebd05f42f575630c79ca2c759246c4,587,1
b6bd9248ed2b894808d5a922f8c32d9f,588,0
cc2681fc29015a9c20bca401aba9d489,588,1
b6d692b8d90c1bd9273bc36690796a8e,589,0
fbf1493e0d0f80318eb52c41d91f2180,589,1
ccc369b1011a0bf8ab0d11b2ac495bc8,590,0
b77a9076b560f05dec87198633e8e00b,590,1
b88c51aa5a61b5d36c12dd91f7b8fba8,591,0
e10ea1f294e02f216204a965c2fe09e0,591,1
ec1a371b933875ff0a2b65e315838294,592,0
b98c37f6daa324286df7b426b42cf3d9,592,1
ee3cb4950320fa16061f3f3519f8e08e,593,0
bb11bbc200cb4a84814ddc37a78eeb98,593,1
e1b95e3bcc154cf1819ce08b778adbc0,594,0
bb2ab3d537fc2ff5eda009019226c37b,594,1
e6a6f4658717ef0c20e18cc89b96f4e6,595,0
bda25c48ac8086cccbf2397e13166046,595,1
bf8add8e1cf28e124aa99ef2d0e15538,596,0
c24b60c2684c21b33a3b88942ddb91f4,596,1
f220b26c6610f8210cf859a46feba5c1,597,0
bfed9b44a06d5de60336ec6fe0365361,597,1
d2c964910e2e8295fc329dd57918986f,598,0
c04e3f99d8842fed006ee780528e3241,598,1
c0f9ad8d304ace3f08d367a0f088d2ae,599,0
db14911cd56305234f105cf952dff9b9,599,1
c49f20b19b76949ba8e8a68fc6a97833,600,0
c176131dc05b4c90d783679433a79244,600,1
c1d018bf50493567d288a9fdad021e6c,601,0
ec357f56de67acf8abceb244a2cdf49b,601,1
d1088ba933bd7066a3a777f542f61fa6,602,0
c24be4bf9e9be5e7898cdd383233813b,602,1
e5c110d0ec8087bc89e6f6a528a690ce,603,0
c286cf324f3d429aaf5d3f903e5ce634,603,1
c3f5378fbec18534005c2d1e46f1cdfc,604,0
f34713c3ba1e433268c056d42b29fef6,604,1
fa741c964934cb194701d6630356adb0,605,0
c541704f5b5f35d974aab3378d11fd54,605,1
feaf693051419310372e21ca9cf326c0,606,0
c57d9d2eff7cf42640303467884d8c24,606,1
f58d3c50b2dce653f173900c37651dd7,607,0
fe592036b5e1fe67c781f61e6afc2e61,607,1
c8a09a4ef05f4b37037251a76d8f5d68,607,2
caaf2645fd3ea43541dad8081e351689,608,0
c9cdb735d0efa9d3199d86a5a298b7b8,608,1
fbec0ff75cf34743b0143538e59c4641,609,0
ca8d1d9139e69459bfbd3fdfbd909e8e,609,1
cbe083d6541a57bdcb503b33d94e6d8c,610,0
f7a72aee39b9551a4027fd7db0ef8d7e,610,1
f9caed448e138e702ee5a2c906a671fc,611,0
cd636fee80a3058dcd3f5428d997a153,611,1
dafa723ac789768ed1e863cce1681e4f,612,0
d086283d558caa08041b9f13b1580737,612,1
e106da62f9761a87497b703d105f1f21,613,0
d172dc93c49f96c58c22a56724aaf1aa,613,1
d238858042506302cfc15c63db81341b,614,0
e79a05a95711261d27e009c51c53ba26,614,1
ed3028d82ffde075540a2d54abed2b15,615,0
d41fec38141fa3f1a14262421c361b29,615,1
d42bd4e73a676fe81419f7c9b499a79f,616,0
e0c2ac1e8919079234c7d0b9df13adff,616,1
d4dcb1cd15053d17de19d2d63ddcb173,617,0
df8bd94723b96652f71fbdde64fc8669,617,1
eecab09cf5ba553de52a9b76a11e377a,618,0
d6a278e15348ef7d083adf43578dfdbd,618,1
ebbdc2a69a66aa07cc0b56dee6b04e8d,619,0
d76f1860a05496c0eb2d8c6479f9bee6,619,1
d784ca64e4f87b880806a766f47119f8,620,0
f805582bbe48523bb1f118e4acc4a6af,620,1
e2f04baa0bee5232b73ca726d29a870b,621,0
d85e14b5f57f220ccd80ca6f02f6b56b,621,1
eb18e2e49ff4b26634ed4737a7d48b2a,622,0
da558caad449f980ef35d87f9bfc2fa4,622,1
e46cd9a60e519442571060be59a55149,623,0
db50ae671fd181d31c89728e6a71e582,623,1
dd036a4ae490d912713ea354b58d8eb9,624,0
fcaa47a2c6a94bdd2ba3618c6f0f2050,624,1
e02703af0349a0d093605123400dbf07,625,0
dd43c81a6e0d49daefdbaa069e2bb095,625,1
f0c0e15dbcf050dddb8dd1d03fd07533,626,0
dd780edac742469da23a84d4267163b3,626,1
fb5d4dfd933a1fec3fa1bd05f571a88c,627,0
ddab9ffecd82a6dae9f5758e13c65ed0,627,1
e6ba38a0847082104bfcbd7ec1bf6f49,628,0
ddd302c374af146eeff0408e2b5da995,628,1
e98b389d622e68214eb092efe5ba8345,629,0
fe72a97218b149841909d70cd346875a,629,1
f1536f338e098d87b1164712aff106ba,630,0
eab6d4eae42fed6ed8ce52aa6b313a1c,630,1
